timeStamp,elapsed,label,responseCode,responseMessage,threadName,dataType,success,failureMessage,bytes,sentBytes,grpThreads,allThreads,URL,Latency,IdleTime,Connect
1614679006963,1561,Kittens,200,OK,Bing Various 2-2,text,false,One or more sub-samples failed,669902,6789,5,8,http://www.bing.com/images/search?q=Kittens,43,0,19
1614679006963,43,Kittens-0,301,Moved Permanently,Bing Various 2-2,,false,Response was null,275,135,5,8,http://bing.com/images/search?q=Kittens,43,0,19
1614679007007,330,Kittens-1,200,OK,Bing Various 2-2,text,true,,470058,139,5,8,http://www.bing.com/images/search?q=Kittens,86,0,18
1614679007349,21,Kittens-2,200,OK,Bing Various 2-2,bin,false,Test failed: text expected something using /200/	Test failed: text expected something using /301/	,4616,138,5,8,http://www.bing.com/sa/simg/favicon-2x.ico,21,0,0
1614679007371,18,Kittens-3,200,OK,Bing Various 2-2,text,true,,1376,150,5,8,http://www.bing.com/rp/XvRHqJwJt19aXQca73hQTfvNMxk.svg,18,0,0
1614679007389,19,Kittens-4,200,OK,Bing Various 2-2,text,true,,1502,150,5,8,http://www.bing.com/rp/fdVZU4ttbw8NDRm6H3I5BW3_vCo.svg,19,0,0
1614679007408,25,Kittens-5,200,OK,Bing Various 2-2,text,true,,1933,150,5,8,http://www.bing.com/rp/4L4QdyjTv0HYE2Ig2ol9eYoqxg8.svg,25,0,0
1614679007433,19,Kittens-6,200,OK,Bing Various 2-2,text,true,,1113,150,5,8,http://www.bing.com/rp/Fsa_OI0AplCnVoXGca8ALOo0S0s.svg,19,0,0
1614679007452,18,Kittens-7,200,OK,Bing Various 2-2,text,true,,1795,150,5,8,http://www.bing.com/rp/UYtUYDcn1oZlFG-YfBPz59zejYI.svg,18,0,0
1614679007470,17,Kittens-8,200,OK,Bing Various 2-2,text,true,,1557,150,5,8,http://www.bing.com/rp/KC_nX2_tPPyFvVw1RK20Yu1FyDk.svg,17,0,0
1614679007487,20,Kittens-9,200,OK,Bing Various 2-2,text,true,,1943,150,5,8,http://www.bing.com/rp/NnFHhz2jL6yzChtIhaB5IIVKY5k.svg,20,0,0
1614679007507,19,Kittens-10,200,OK,Bing Various 2-2,text,false,Test failed: text expected something using /200/	Test failed: text expected something using /301/	,1505,150,5,8,http://www.bing.com/rp/jZQUtjbvBNTFVhjuc1I6KRsoYFQ.css,19,0,0
1614679007526,18,Kittens-11,200,OK,Bing Various 2-2,text,false,Test failed: text expected something using /200/	Test failed: text expected something using /301/	,1545,150,5,8,http://www.bing.com/rp/DGRMR9NeVlyY3l85HlsGXYkE8_s.css,18,0,0
1614679007544,20,Kittens-12,200,OK,Bing Various 2-2,text,false,Test failed: text expected something using /200/	Test failed: text expected something using /301/	,1210,150,5,8,http://www.bing.com/rp/K1lFw1Mm-fGE5oJrZ4Sbf44j-54.css,20,0,0
1614679007564,19,Kittens-13,200,OK,Bing Various 2-2,text,true,,7544,150,5,8,http://www.bing.com/rp/IM8yRggr6PIeHc40CX57dqaq-lc.css,19,0,0
1614679007584,23,Kittens-14,200,OK,Bing Various 2-2,text,false,Test failed: text expected something using /200/	Test failed: text expected something using /301/	,1772,150,5,8,http://www.bing.com/rp/dPivqrU3cqe5fmsrlV6oVXWN6J8.css,23,0,0
1614679007607,25,Kittens-15,200,OK,Bing Various 2-2,text,false,Test failed: text expected something using /200/	Test failed: text expected something using /301/	,4626,150,5,8,http://www.bing.com/rp/fWNNQ1PnvP0-d6lD80KSmXG3Q4o.css,25,0,0
1614679007632,19,Kittens-16,200,OK,Bing Various 2-2,bin,false,Test failed: text expected something using /200/	Test failed: text expected something using /301/	,2630,150,5,8,http://www.bing.com/rp/kFAqShRrnkQMbH6NYLBYoJ3lq9s.png,19,0,0
1614679007651,47,Kittens-17,200,OK,Bing Various 2-2,bin,false,Test failed: text expected something using /200/	Test failed: text expected something using /301/	,1602,203,5,8,http://tse1.mm.bing.net/th?q=Really+Cute+Kittens&w=42&h=42&c=7&rs=1&p=0&o=5&pid=1.7&mkt=en-GB&adlt=moderate,47,0,22
1614679007699,47,Kittens-18,200,OK,Bing Various 2-2,bin,false,Test failed: text expected something using /200/	Test failed: text expected something using /301/	,1640,198,5,8,http://tse3.mm.bing.net/th?q=Ginger+Kittens&w=42&h=42&c=7&rs=1&p=0&o=5&pid=1.7&mkt=en-GB&adlt=moderate,47,0,21
1614679007747,45,Kittens-19,200,OK,Bing Various 2-2,bin,false,Test failed: text expected something using /200/	Test failed: text expected something using /301/	,1868,200,5,8,http://tse4.mm.bing.net/th?q=Too+Cute+Kittens&w=42&h=42&c=7&rs=1&p=0&o=5&pid=1.7&mkt=en-GB&adlt=moderate,45,0,17
1614679007792,23,Kittens-20,200,OK,Bing Various 2-2,bin,false,Test failed: text expected something using /200/	Test failed: text expected something using /301/	,1500,198,5,8,http://tse3.mm.bing.net/th?q=Fluffy+Kittens&w=42&h=42&c=7&rs=1&p=0&o=5&pid=1.7&mkt=en-GB&adlt=moderate,23,0,0
1614679007815,17,Kittens-21,200,OK,Bing Various 2-2,bin,false,Test failed: text expected something using /200/	Test failed: text expected something using /301/	,1509,201,5,8,http://tse4.mm.bing.net/th?q=Cute+Baby+Kittens&w=42&h=42&c=7&rs=1&p=0&o=5&pid=1.7&mkt=en-GB&adlt=moderate,17,0,0
1614679007832,20,Kittens-22,200,OK,Bing Various 2-2,bin,false,Test failed: text expected something using /200/	Test failed: text expected something using /301/	,2006,200,5,8,http://tse1.mm.bing.net/th?q=Precious+Kittens&w=42&h=42&c=7&rs=1&p=0&o=5&pid=1.7&mkt=en-GB&adlt=moderate,20,0,0
1614679007852,24,Kittens-23,200,OK,Bing Various 2-2,bin,false,Test failed: text expected something using /200/	Test failed: text expected something using /301/	,9373,184,5,8,http://tse4.mm.bing.net/th/id/OIP.g7X44N3UTeeiqR-bw-4tugHaFy?w=191&h=149&c=7&o=5&pid=1.7,24,0,0
1614679007876,20,Kittens-24,200,OK,Bing Various 2-2,bin,false,Test failed: text expected something using /200/	Test failed: text expected something using /301/	,7544,184,5,8,http://tse4.mm.bing.net/th/id/OIP.y09KdGz4r3jEnzA3XHeWvwHaE8?w=191&h=128&c=7&o=5&pid=1.7,20,0,0
1614679007897,24,Kittens-25,200,OK,Bing Various 2-2,bin,false,Test failed: text expected something using /200/	Test failed: text expected something using /301/	,3973,184,5,8,http://tse3.mm.bing.net/th/id/OIP.iPPdhC1Lio2Qj-bOjyq6LgHaEK?w=191&h=107&c=7&o=5&pid=1.7,24,0,0
1614679007921,26,Kittens-26,200,OK,Bing Various 2-2,bin,false,Test failed: text expected something using /200/	Test failed: text expected something using /301/	,18641,184,5,8,http://tse4.mm.bing.net/th/id/OIP.xO9-9frMZ9NjfJx9trxhBwDPEt?w=191&h=278&c=7&o=5&pid=1.7,23,0,0
1614679007947,87,Kittens-27,200,OK,Bing Various 2-2,bin,false,Test failed: text expected something using /200/	Test failed: text expected something using /301/	,12537,184,5,8,http://tse1.mm.bing.net/th/id/OIP.E5J6CtifNwNYEkCuJAkTBwHaJ4?w=191&h=255&c=7&o=5&pid=1.7,87,0,0
1614679008034,26,Kittens-28,200,OK,Bing Various 2-2,bin,false,Test failed: text expected something using /200/	Test failed: text expected something using /301/	,11852,184,5,8,http://tse4.mm.bing.net/th/id/OIP.p7QwnVvTLTfiCBCddqt0-gAAAA?w=191&h=289&c=7&o=5&pid=1.7,26,0,0
1614679008060,20,Kittens-29,200,OK,Bing Various 2-2,bin,false,Test failed: text expected something using /200/	Test failed: text expected something using /301/	,13199,232,5,8,http://tse4.mm.bing.net/th?q=Cute+Teacup+Kittens&dc=3&w=100&h=100&c=1&rs=1&pid=InlineBlock&mkt=en-GB&adlt=moderate&t=1&mw=240&sr=3&shs=2,20,0,0
1614679008080,22,Kittens-30,200,OK,Bing Various 2-2,bin,false,Test failed: text expected something using /200/	Test failed: text expected something using /301/	,14629,184,5,8,http://tse4.mm.bing.net/th/id/OIP.FXwOjB9bdzOykuPW-uVWQAHaJ3?w=191&h=255&c=7&o=5&pid=1.7,21,0,0
1614679008102,56,Kittens-31,200,OK,Bing Various 2-2,bin,false,Test failed: text expected something using /200/	Test failed: text expected something using /301/	,12081,184,5,8,http://tse3.mm.bing.net/th/id/OIP.d-tqJewhqKAcGLnJfE0JIAHaLO?w=191&h=289&c=7&o=5&pid=1.7,56,0,0
1614679008158,103,Kittens-32,200,OK,Bing Various 2-2,bin,false,Test failed: text expected something using /200/	Test failed: text expected something using /301/	,12312,184,5,8,http://tse2.mm.bing.net/th/id/OIP.lyOHk9GXL6KlyUyx3g8wdgAAAA?w=191&h=286&c=7&o=5&pid=1.7,103,0,39
1614679008261,71,Kittens-33,200,OK,Bing Various 2-2,bin,false,Test failed: text expected something using /200/	Test failed: text expected something using /301/	,10198,184,5,8,http://tse4.mm.bing.net/th/id/OIP.ryWck3N9kgsZQIT7ZNNLhQHaLG?w=191&h=286&c=7&o=5&pid=1.7,71,0,0
1614679008332,53,Kittens-34,200,OK,Bing Various 2-2,bin,false,Test failed: text expected something using /200/	Test failed: text expected something using /301/	,7322,184,5,8,http://tse3.mm.bing.net/th/id/OIP.aw-rnbZtIHQn0AM4gL34ugHaE7?w=191&h=127&c=7&o=5&pid=1.7,53,0,0
1614679008385,55,Kittens-35,200,OK,Bing Various 2-2,bin,false,Test failed: text expected something using /200/	Test failed: text expected something using /301/	,9589,232,5,8,http://tse3.mm.bing.net/th?q=Little+Baby+Kittens&dc=3&w=100&h=100&c=1&rs=1&pid=InlineBlock&mkt=en-GB&adlt=moderate&t=1&mw=240&sr=3&shs=2,55,0,0
1614679008441,23,Kittens-36,200,OK,Bing Various 2-2,bin,false,Test failed: text expected something using /200/	Test failed: text expected something using /301/	,482,141,5,8,http://www.bing.com/sa/simg/Flag_Feedback.png,23,0,0
1614679008464,18,Kittens-37,200,OK,Bing Various 2-2,bin,false,Test failed: text expected something using /200/	Test failed: text expected something using /301/	,936,150,5,8,http://www.bing.com/rp/ytiieusXgM2K8bLkEDP-AS1ePds.png,18,0,0
1614679008482,23,Kittens-38,200,OK,Bing Various 2-2,text,false,Test failed: text expected something using /200/	Test failed: text expected something using /301/	,1109,149,5,8,http://www.bing.com/rp/da3XTE4E24gCNAQJm5tKrqZDeuc.js,23,0,0
1614679008505,19,Kittens-39,200,OK,Bing Various 2-2,text,false,Test failed: text expected something using /200/	Test failed: text expected something using /301/	,7000,149,5,8,http://www.bing.com/rp/BVRRZgrJAOx-_HOHkWyllv5vdF4.js,19,0,0
1614679006478,2128,Kittens,200,OK,Bing Various 2-1,text,false,One or more sub-samples failed,668490,6973,4,7,http://www.bing.com/images/search?q=Kittens,72,0,47
1614679006478,72,Kittens-0,301,Moved Permanently,Bing Various 2-1,,false,Response was null,275,135,4,7,http://bing.com/images/search?q=Kittens,72,0,47
1614679006551,505,Kittens-1,200,OK,Bing Various 2-1,text,true,,453863,139,4,7,http://www.bing.com/images/search?q=Kittens,134,0,36
1614679007067,21,Kittens-2,200,OK,Bing Various 2-1,bin,false,Test failed: text expected something using /200/	Test failed: text expected something using /301/	,4616,138,4,7,http://www.bing.com/sa/simg/favicon-2x.ico,21,0,0
1614679007088,20,Kittens-3,200,OK,Bing Various 2-1,text,true,,1376,150,4,7,http://www.bing.com/rp/XvRHqJwJt19aXQca73hQTfvNMxk.svg,20,0,0
1614679007108,17,Kittens-4,200,OK,Bing Various 2-1,text,true,,1502,150,4,7,http://www.bing.com/rp/fdVZU4ttbw8NDRm6H3I5BW3_vCo.svg,17,0,0
1614679007125,25,Kittens-5,200,OK,Bing Various 2-1,text,true,,1933,150,4,7,http://www.bing.com/rp/4L4QdyjTv0HYE2Ig2ol9eYoqxg8.svg,25,0,0
1614679007150,19,Kittens-6,200,OK,Bing Various 2-1,text,true,,1113,150,4,7,http://www.bing.com/rp/Fsa_OI0AplCnVoXGca8ALOo0S0s.svg,19,0,0
1614679007169,17,Kittens-7,200,OK,Bing Various 2-1,text,true,,1795,150,4,7,http://www.bing.com/rp/UYtUYDcn1oZlFG-YfBPz59zejYI.svg,17,0,0
1614679007187,20,Kittens-8,200,OK,Bing Various 2-1,text,true,,1557,150,4,7,http://www.bing.com/rp/KC_nX2_tPPyFvVw1RK20Yu1FyDk.svg,20,0,0
1614679007207,22,Kittens-9,200,OK,Bing Various 2-1,text,true,,1943,150,4,7,http://www.bing.com/rp/NnFHhz2jL6yzChtIhaB5IIVKY5k.svg,22,0,0
1614679007229,23,Kittens-10,200,OK,Bing Various 2-1,text,false,Test failed: text expected something using /200/	Test failed: text expected something using /301/	,1505,150,4,7,http://www.bing.com/rp/jZQUtjbvBNTFVhjuc1I6KRsoYFQ.css,23,0,0
1614679007252,21,Kittens-11,200,OK,Bing Various 2-1,text,false,Test failed: text expected something using /200/	Test failed: text expected something using /301/	,1545,150,4,7,http://www.bing.com/rp/DGRMR9NeVlyY3l85HlsGXYkE8_s.css,21,0,0
1614679007274,20,Kittens-12,200,OK,Bing Various 2-1,text,false,Test failed: text expected something using /200/	Test failed: text expected something using /301/	,1210,150,4,7,http://www.bing.com/rp/K1lFw1Mm-fGE5oJrZ4Sbf44j-54.css,20,0,0
1614679007295,20,Kittens-13,200,OK,Bing Various 2-1,text,true,,7544,150,4,7,http://www.bing.com/rp/IM8yRggr6PIeHc40CX57dqaq-lc.css,20,0,0
1614679007315,22,Kittens-14,200,OK,Bing Various 2-1,text,false,Test failed: text expected something using /200/	Test failed: text expected something using /301/	,1772,150,4,7,http://www.bing.com/rp/dPivqrU3cqe5fmsrlV6oVXWN6J8.css,22,0,0
1614679007337,21,Kittens-15,200,OK,Bing Various 2-1,text,false,Test failed: text expected something using /200/	Test failed: text expected something using /301/	,4626,150,4,7,http://www.bing.com/rp/fWNNQ1PnvP0-d6lD80KSmXG3Q4o.css,21,0,0
1614679007358,22,Kittens-16,200,OK,Bing Various 2-1,bin,false,Test failed: text expected something using /200/	Test failed: text expected something using /301/	,2630,150,4,7,http://www.bing.com/rp/kFAqShRrnkQMbH6NYLBYoJ3lq9s.png,22,0,0
1614679007380,62,Kittens-17,200,OK,Bing Various 2-1,bin,false,Test failed: text expected something using /200/	Test failed: text expected something using /301/	,1602,203,4,7,http://tse1.mm.bing.net/th?q=Really+Cute+Kittens&w=42&h=42&c=7&rs=1&p=0&o=5&pid=1.7&mkt=en-GB&adlt=moderate,62,0,35
1614679007443,60,Kittens-18,200,OK,Bing Various 2-1,bin,false,Test failed: text expected something using /200/	Test failed: text expected something using /301/	,1640,198,4,7,http://tse3.mm.bing.net/th?q=Ginger+Kittens&w=42&h=42&c=7&rs=1&p=0&o=5&pid=1.7&mkt=en-GB&adlt=moderate,60,0,37
1614679007503,68,Kittens-19,200,OK,Bing Various 2-1,bin,false,Test failed: text expected something using /200/	Test failed: text expected something using /301/	,1868,200,4,7,http://tse4.mm.bing.net/th?q=Too+Cute+Kittens&w=42&h=42&c=7&rs=1&p=0&o=5&pid=1.7&mkt=en-GB&adlt=moderate,68,0,40
1614679007571,22,Kittens-20,200,OK,Bing Various 2-1,bin,false,Test failed: text expected something using /200/	Test failed: text expected something using /301/	,1500,198,4,7,http://tse3.mm.bing.net/th?q=Fluffy+Kittens&w=42&h=42&c=7&rs=1&p=0&o=5&pid=1.7&mkt=en-GB&adlt=moderate,22,0,0
1614679007593,19,Kittens-21,200,OK,Bing Various 2-1,bin,false,Test failed: text expected something using /200/	Test failed: text expected something using /301/	,1509,201,4,7,http://tse4.mm.bing.net/th?q=Cute+Baby+Kittens&w=42&h=42&c=7&rs=1&p=0&o=5&pid=1.7&mkt=en-GB&adlt=moderate,19,0,0
1614679007612,22,Kittens-22,200,OK,Bing Various 2-1,bin,false,Test failed: text expected something using /200/	Test failed: text expected something using /301/	,2006,200,4,7,http://tse1.mm.bing.net/th?q=Precious+Kittens&w=42&h=42&c=7&rs=1&p=0&o=5&pid=1.7&mkt=en-GB&adlt=moderate,22,0,0
1614679007634,56,Kittens-23,200,OK,Bing Various 2-1,bin,false,Test failed: text expected something using /200/	Test failed: text expected something using /301/	,9374,184,4,7,http://tse4.mm.bing.net/th/id/OIP.g7X44N3UTeeiqR-bw-4tugHaFy?w=191&h=149&c=7&o=5&pid=1.7,55,0,0
1614679007690,52,Kittens-24,200,OK,Bing Various 2-1,bin,false,Test failed: text expected something using /200/	Test failed: text expected something using /301/	,7545,184,4,7,http://tse4.mm.bing.net/th/id/OIP.y09KdGz4r3jEnzA3XHeWvwHaE8?w=191&h=128&c=7&o=5&pid=1.7,52,0,0
1614679007742,44,Kittens-25,200,OK,Bing Various 2-1,bin,false,Test failed: text expected something using /200/	Test failed: text expected something using /301/	,3974,184,4,7,http://tse3.mm.bing.net/th/id/OIP.iPPdhC1Lio2Qj-bOjyq6LgHaEK?w=191&h=107&c=7&o=5&pid=1.7,44,0,0
1614679007786,55,Kittens-26,200,OK,Bing Various 2-1,bin,false,Test failed: text expected something using /200/	Test failed: text expected something using /301/	,18642,184,4,7,http://tse4.mm.bing.net/th/id/OIP.xO9-9frMZ9NjfJx9trxhBwDPEt?w=191&h=278&c=7&o=5&pid=1.7,55,0,0
1614679007841,85,Kittens-27,200,OK,Bing Various 2-1,bin,false,Test failed: text expected something using /200/	Test failed: text expected something using /301/	,12537,184,4,7,http://tse1.mm.bing.net/th/id/OIP.E5J6CtifNwNYEkCuJAkTBwHaJ4?w=191&h=255&c=7&o=5&pid=1.7,85,0,0
1614679007926,56,Kittens-28,200,OK,Bing Various 2-1,bin,false,Test failed: text expected something using /200/	Test failed: text expected something using /301/	,11853,184,4,7,http://tse4.mm.bing.net/th/id/OIP.p7QwnVvTLTfiCBCddqt0-gAAAA?w=191&h=289&c=7&o=5&pid=1.7,56,0,0
1614679007982,51,Kittens-29,200,OK,Bing Various 2-1,bin,false,Test failed: text expected something using /200/	Test failed: text expected something using /301/	,13200,232,4,7,http://tse4.mm.bing.net/th?q=Cute+Teacup+Kittens&dc=3&w=100&h=100&c=1&rs=1&pid=InlineBlock&mkt=en-GB&adlt=moderate&t=1&mw=240&sr=3&shs=2,50,0,0
1614679008033,61,Kittens-30,200,OK,Bing Various 2-1,bin,false,Test failed: text expected something using /200/	Test failed: text expected something using /301/	,14630,184,4,7,http://tse4.mm.bing.net/th/id/OIP.FXwOjB9bdzOykuPW-uVWQAHaJ3?w=191&h=255&c=7&o=5&pid=1.7,61,0,0
1614679008094,63,Kittens-31,200,OK,Bing Various 2-1,bin,false,Test failed: text expected something using /200/	Test failed: text expected something using /301/	,12081,184,4,7,http://tse3.mm.bing.net/th/id/OIP.d-tqJewhqKAcGLnJfE0JIAHaLO?w=191&h=289&c=7&o=5&pid=1.7,63,0,0
1614679008158,98,Kittens-32,200,OK,Bing Various 2-1,bin,false,Test failed: text expected something using /200/	Test failed: text expected something using /301/	,12312,184,4,7,http://tse2.mm.bing.net/th/id/OIP.lyOHk9GXL6KlyUyx3g8wdgAAAA?w=191&h=286&c=7&o=5&pid=1.7,98,0,35
1614679008256,76,Kittens-33,200,OK,Bing Various 2-1,bin,false,Test failed: text expected something using /200/	Test failed: text expected something using /301/	,10198,184,4,7,http://tse4.mm.bing.net/th/id/OIP.ryWck3N9kgsZQIT7ZNNLhQHaLG?w=191&h=286&c=7&o=5&pid=1.7,76,0,0
1614679008332,51,Kittens-34,200,OK,Bing Various 2-1,bin,false,Test failed: text expected something using /200/	Test failed: text expected something using /301/	,7322,184,4,7,http://tse3.mm.bing.net/th/id/OIP.aw-rnbZtIHQn0AM4gL34ugHaE7?w=191&h=127&c=7&o=5&pid=1.7,51,0,0
1614679008383,57,Kittens-35,200,OK,Bing Various 2-1,bin,false,Test failed: text expected something using /200/	Test failed: text expected something using /301/	,9589,232,4,7,http://tse3.mm.bing.net/th?q=Little+Baby+Kittens&dc=3&w=100&h=100&c=1&rs=1&pid=InlineBlock&mkt=en-GB&adlt=moderate&t=1&mw=240&sr=3&shs=2,57,0,0
1614679008440,81,Kittens-36,200,OK,Bing Various 2-1,bin,false,Test failed: text expected something using /200/	Test failed: text expected something using /301/	,14776,184,4,7,http://tse4.mm.bing.net/th/id/OIP.sFUYyGfpDLPzoCtC3-UOoQHaJ4?w=191&h=255&c=7&o=5&pid=1.7,81,0,0
1614679008522,24,Kittens-37,200,OK,Bing Various 2-1,bin,false,Test failed: text expected something using /200/	Test failed: text expected something using /301/	,482,141,4,7,http://www.bing.com/sa/simg/Flag_Feedback.png,24,0,0
1614679008546,21,Kittens-38,200,OK,Bing Various 2-1,bin,false,Test failed: text expected something using /200/	Test failed: text expected something using /301/	,936,150,4,7,http://www.bing.com/rp/ytiieusXgM2K8bLkEDP-AS1ePds.png,21,0,0
1614679008567,19,Kittens-39,200,OK,Bing Various 2-1,text,false,Test failed: text expected something using /200/	Test failed: text expected something using /301/	,1109,149,4,7,http://www.bing.com/rp/da3XTE4E24gCNAQJm5tKrqZDeuc.js,19,0,0
1614679008586,20,Kittens-40,200,OK,Bing Various 2-1,text,false,Test failed: text expected something using /200/	Test failed: text expected something using /301/	,7000,149,4,7,http://www.bing.com/rp/BVRRZgrJAOx-_HOHkWyllv5vdF4.js,20,0,0
1614679007464,2239,Kittens,200,OK,Bing Various 2-3,text,false,One or more sub-samples failed,668687,6973,5,7,http://www.bing.com/images/search?q=Kittens,50,0,25
1614679007464,50,Kittens-0,301,Moved Permanently,Bing Various 2-3,,false,Response was null,275,135,5,7,http://bing.com/images/search?q=Kittens,50,0,25
1614679007514,487,Kittens-1,200,OK,Bing Various 2-3,text,true,,454062,139,5,7,http://www.bing.com/images/search?q=Kittens,106,0,19
1614679008012,24,Kittens-2,200,OK,Bing Various 2-3,bin,false,Test failed: text expected something using /200/	Test failed: text expected something using /301/	,4616,138,5,7,http://www.bing.com/sa/simg/favicon-2x.ico,24,0,0
1614679008036,19,Kittens-3,200,OK,Bing Various 2-3,text,true,,1376,150,5,7,http://www.bing.com/rp/XvRHqJwJt19aXQca73hQTfvNMxk.svg,19,0,0
1614679008055,16,Kittens-4,200,OK,Bing Various 2-3,text,true,,1502,150,5,7,http://www.bing.com/rp/fdVZU4ttbw8NDRm6H3I5BW3_vCo.svg,16,0,0
1614679008071,18,Kittens-5,200,OK,Bing Various 2-3,text,true,,1933,150,5,7,http://www.bing.com/rp/4L4QdyjTv0HYE2Ig2ol9eYoqxg8.svg,18,0,0
1614679008089,20,Kittens-6,200,OK,Bing Various 2-3,text,true,,1113,150,5,7,http://www.bing.com/rp/Fsa_OI0AplCnVoXGca8ALOo0S0s.svg,20,0,0
1614679008110,20,Kittens-7,200,OK,Bing Various 2-3,text,true,,1795,150,5,7,http://www.bing.com/rp/UYtUYDcn1oZlFG-YfBPz59zejYI.svg,20,0,0
1614679008130,20,Kittens-8,200,OK,Bing Various 2-3,text,true,,1557,150,5,7,http://www.bing.com/rp/KC_nX2_tPPyFvVw1RK20Yu1FyDk.svg,20,0,0
1614679008150,21,Kittens-9,200,OK,Bing Various 2-3,text,true,,1943,150,5,7,http://www.bing.com/rp/NnFHhz2jL6yzChtIhaB5IIVKY5k.svg,21,0,0
1614679008172,17,Kittens-10,200,OK,Bing Various 2-3,text,false,Test failed: text expected something using /200/	Test failed: text expected something using /301/	,1505,150,5,7,http://www.bing.com/rp/jZQUtjbvBNTFVhjuc1I6KRsoYFQ.css,17,0,0
1614679008189,18,Kittens-11,200,OK,Bing Various 2-3,text,false,Test failed: text expected something using /200/	Test failed: text expected something using /301/	,1545,150,5,7,http://www.bing.com/rp/DGRMR9NeVlyY3l85HlsGXYkE8_s.css,18,0,0
1614679008207,21,Kittens-12,200,OK,Bing Various 2-3,text,false,Test failed: text expected something using /200/	Test failed: text expected something using /301/	,1210,150,5,7,http://www.bing.com/rp/K1lFw1Mm-fGE5oJrZ4Sbf44j-54.css,21,0,0
1614679008229,17,Kittens-13,200,OK,Bing Various 2-3,text,true,,7544,150,5,7,http://www.bing.com/rp/IM8yRggr6PIeHc40CX57dqaq-lc.css,17,0,0
1614679008246,22,Kittens-14,200,OK,Bing Various 2-3,text,false,Test failed: text expected something using /200/	Test failed: text expected something using /301/	,1772,150,5,7,http://www.bing.com/rp/dPivqrU3cqe5fmsrlV6oVXWN6J8.css,22,0,0
1614679008269,19,Kittens-15,200,OK,Bing Various 2-3,text,false,Test failed: text expected something using /200/	Test failed: text expected something using /301/	,4626,150,5,7,http://www.bing.com/rp/fWNNQ1PnvP0-d6lD80KSmXG3Q4o.css,19,0,0
1614679008288,23,Kittens-16,200,OK,Bing Various 2-3,bin,false,Test failed: text expected something using /200/	Test failed: text expected something using /301/	,2630,150,5,7,http://www.bing.com/rp/kFAqShRrnkQMbH6NYLBYoJ3lq9s.png,23,0,0
1614679008311,46,Kittens-17,200,OK,Bing Various 2-3,bin,false,Test failed: text expected something using /200/	Test failed: text expected something using /301/	,1602,203,5,7,http://tse1.mm.bing.net/th?q=Really+Cute+Kittens&w=42&h=42&c=7&rs=1&p=0&o=5&pid=1.7&mkt=en-GB&adlt=moderate,46,0,22
1614679008357,49,Kittens-18,200,OK,Bing Various 2-3,bin,false,Test failed: text expected something using /200/	Test failed: text expected something using /301/	,1640,198,5,7,http://tse3.mm.bing.net/th?q=Ginger+Kittens&w=42&h=42&c=7&rs=1&p=0&o=5&pid=1.7&mkt=en-GB&adlt=moderate,49,0,26
1614679008406,71,Kittens-19,200,OK,Bing Various 2-3,bin,false,Test failed: text expected something using /200/	Test failed: text expected something using /301/	,1869,200,5,7,http://tse4.mm.bing.net/th?q=Too+Cute+Kittens&w=42&h=42&c=7&rs=1&p=0&o=5&pid=1.7&mkt=en-GB&adlt=moderate,71,0,23
1614679008478,27,Kittens-20,200,OK,Bing Various 2-3,bin,false,Test failed: text expected something using /200/	Test failed: text expected something using /301/	,1500,198,5,7,http://tse3.mm.bing.net/th?q=Fluffy+Kittens&w=42&h=42&c=7&rs=1&p=0&o=5&pid=1.7&mkt=en-GB&adlt=moderate,27,0,0
1614679008505,19,Kittens-21,200,OK,Bing Various 2-3,bin,false,Test failed: text expected something using /200/	Test failed: text expected something using /301/	,1509,201,5,7,http://tse4.mm.bing.net/th?q=Cute+Baby+Kittens&w=42&h=42&c=7&rs=1&p=0&o=5&pid=1.7&mkt=en-GB&adlt=moderate,19,0,0
1614679008524,19,Kittens-22,200,OK,Bing Various 2-3,bin,false,Test failed: text expected something using /200/	Test failed: text expected something using /301/	,2006,200,5,7,http://tse1.mm.bing.net/th?q=Precious+Kittens&w=42&h=42&c=7&rs=1&p=0&o=5&pid=1.7&mkt=en-GB&adlt=moderate,19,0,0
1614679008543,46,Kittens-23,200,OK,Bing Various 2-3,bin,false,Test failed: text expected something using /200/	Test failed: text expected something using /301/	,9374,184,5,7,http://tse4.mm.bing.net/th/id/OIP.g7X44N3UTeeiqR-bw-4tugHaFy?w=191&h=149&c=7&o=5&pid=1.7,46,0,0
1614679008589,69,Kittens-24,200,OK,Bing Various 2-3,bin,false,Test failed: text expected something using /200/	Test failed: text expected something using /301/	,7545,184,5,7,http://tse4.mm.bing.net/th/id/OIP.y09KdGz4r3jEnzA3XHeWvwHaE8?w=191&h=128&c=7&o=5&pid=1.7,69,0,0
1614679008658,43,Kittens-25,200,OK,Bing Various 2-3,bin,false,Test failed: text expected something using /200/	Test failed: text expected something using /301/	,3974,184,5,7,http://tse3.mm.bing.net/th/id/OIP.iPPdhC1Lio2Qj-bOjyq6LgHaEK?w=191&h=107&c=7&o=5&pid=1.7,43,0,0
1614679008701,65,Kittens-26,200,OK,Bing Various 2-3,bin,false,Test failed: text expected something using /200/	Test failed: text expected something using /301/	,18642,184,5,7,http://tse4.mm.bing.net/th/id/OIP.xO9-9frMZ9NjfJx9trxhBwDPEt?w=191&h=278&c=7&o=5&pid=1.7,64,0,0
1614679008766,66,Kittens-27,200,OK,Bing Various 2-3,bin,false,Test failed: text expected something using /200/	Test failed: text expected something using /301/	,12537,184,5,7,http://tse1.mm.bing.net/th/id/OIP.E5J6CtifNwNYEkCuJAkTBwHaJ4?w=191&h=255&c=7&o=5&pid=1.7,65,0,0
1614679008832,64,Kittens-28,200,OK,Bing Various 2-3,bin,false,Test failed: text expected something using /200/	Test failed: text expected something using /301/	,11853,184,5,7,http://tse4.mm.bing.net/th/id/OIP.p7QwnVvTLTfiCBCddqt0-gAAAA?w=191&h=289&c=7&o=5&pid=1.7,64,0,0
1614679008896,23,Kittens-29,200,OK,Bing Various 2-3,bin,false,Test failed: text expected something using /200/	Test failed: text expected something using /301/	,13199,232,5,7,http://tse4.mm.bing.net/th?q=Cute+Teacup+Kittens&dc=3&w=100&h=100&c=1&rs=1&pid=InlineBlock&mkt=en-GB&adlt=moderate&t=1&mw=240&sr=3&shs=2,20,0,0
1614679008919,103,Kittens-30,200,OK,Bing Various 2-3,bin,false,Test failed: text expected something using /200/	Test failed: text expected something using /301/	,14630,184,5,7,http://tse4.mm.bing.net/th/id/OIP.FXwOjB9bdzOykuPW-uVWQAHaJ3?w=191&h=255&c=7&o=5&pid=1.7,103,0,0
1614679009022,74,Kittens-31,200,OK,Bing Various 2-3,bin,false,Test failed: text expected something using /200/	Test failed: text expected something using /301/	,12081,184,5,7,http://tse3.mm.bing.net/th/id/OIP.d-tqJewhqKAcGLnJfE0JIAHaLO?w=191&h=289&c=7&o=5&pid=1.7,71,0,0
1614679009096,332,Kittens-32,200,OK,Bing Various 2-3,bin,false,Test failed: text expected something using /200/	Test failed: text expected something using /301/	,12311,184,5,7,http://tse2.mm.bing.net/th/id/OIP.lyOHk9GXL6KlyUyx3g8wdgAAAA?w=191&h=286&c=7&o=5&pid=1.7,332,0,21
1614679009428,63,Kittens-33,200,OK,Bing Various 2-3,bin,false,Test failed: text expected something using /200/	Test failed: text expected something using /301/	,10198,184,5,7,http://tse4.mm.bing.net/th/id/OIP.ryWck3N9kgsZQIT7ZNNLhQHaLG?w=191&h=286&c=7&o=5&pid=1.7,63,0,0
1614679009491,49,Kittens-34,200,OK,Bing Various 2-3,bin,false,Test failed: text expected something using /200/	Test failed: text expected something using /301/	,7322,184,5,7,http://tse3.mm.bing.net/th/id/OIP.aw-rnbZtIHQn0AM4gL34ugHaE7?w=191&h=127&c=7&o=5&pid=1.7,49,0,0
1614679009540,21,Kittens-35,200,OK,Bing Various 2-3,bin,false,Test failed: text expected something using /200/	Test failed: text expected something using /301/	,9588,232,5,7,http://tse3.mm.bing.net/th?q=Little+Baby+Kittens&dc=3&w=100&h=100&c=1&rs=1&pid=InlineBlock&mkt=en-GB&adlt=moderate&t=1&mw=240&sr=3&shs=2,20,0,0
1614679009561,57,Kittens-36,200,OK,Bing Various 2-3,bin,false,Test failed: text expected something using /200/	Test failed: text expected something using /301/	,14776,184,5,7,http://tse4.mm.bing.net/th/id/OIP.sFUYyGfpDLPzoCtC3-UOoQHaJ4?w=191&h=255&c=7&o=5&pid=1.7,57,0,0
1614679009618,23,Kittens-37,200,OK,Bing Various 2-3,bin,false,Test failed: text expected something using /200/	Test failed: text expected something using /301/	,482,141,5,7,http://www.bing.com/sa/simg/Flag_Feedback.png,22,0,0
1614679009641,21,Kittens-38,200,OK,Bing Various 2-3,bin,false,Test failed: text expected something using /200/	Test failed: text expected something using /301/	,936,150,5,7,http://www.bing.com/rp/ytiieusXgM2K8bLkEDP-AS1ePds.png,21,0,0
1614679009662,18,Kittens-39,200,OK,Bing Various 2-3,text,false,Test failed: text expected something using /200/	Test failed: text expected something using /301/	,1109,149,5,7,http://www.bing.com/rp/da3XTE4E24gCNAQJm5tKrqZDeuc.js,18,0,0
1614679009680,23,Kittens-40,200,OK,Bing Various 2-3,text,false,Test failed: text expected something using /200/	Test failed: text expected something using /301/	,7000,149,5,7,http://www.bing.com/rp/BVRRZgrJAOx-_HOHkWyllv5vdF4.js,23,0,0
1614679007964,1881,Kittens,200,OK,Bing Various 2-4,text,false,One or more sub-samples failed,653385,6605,4,6,http://www.bing.com/images/search?q=Kittens,42,0,19
1614679007964,42,Kittens-0,301,Moved Permanently,Bing Various 2-4,,false,Response was null,275,135,4,6,http://bing.com/images/search?q=Kittens,42,0,19
1614679008007,465,Kittens-1,200,OK,Bing Various 2-4,text,true,,471457,139,4,6,http://www.bing.com/images/search?q=Kittens,107,0,23
1614679008493,19,Kittens-2,200,OK,Bing Various 2-4,bin,false,Test failed: text expected something using /200/	Test failed: text expected something using /301/	,4616,138,4,6,http://www.bing.com/sa/simg/favicon-2x.ico,19,0,0
1614679008512,20,Kittens-3,200,OK,Bing Various 2-4,text,true,,1376,150,4,6,http://www.bing.com/rp/XvRHqJwJt19aXQca73hQTfvNMxk.svg,20,0,0
1614679008532,18,Kittens-4,200,OK,Bing Various 2-4,text,true,,1502,150,4,6,http://www.bing.com/rp/fdVZU4ttbw8NDRm6H3I5BW3_vCo.svg,18,0,0
1614679008551,20,Kittens-5,200,OK,Bing Various 2-4,text,true,,1933,150,4,6,http://www.bing.com/rp/4L4QdyjTv0HYE2Ig2ol9eYoqxg8.svg,20,0,0
1614679008571,21,Kittens-6,200,OK,Bing Various 2-4,text,true,,1113,150,4,6,http://www.bing.com/rp/Fsa_OI0AplCnVoXGca8ALOo0S0s.svg,21,0,0
1614679008592,26,Kittens-7,200,OK,Bing Various 2-4,text,true,,1795,150,4,6,http://www.bing.com/rp/UYtUYDcn1oZlFG-YfBPz59zejYI.svg,26,0,0
1614679008618,18,Kittens-8,200,OK,Bing Various 2-4,text,true,,1557,150,4,6,http://www.bing.com/rp/KC_nX2_tPPyFvVw1RK20Yu1FyDk.svg,18,0,0
1614679008636,20,Kittens-9,200,OK,Bing Various 2-4,text,true,,1943,150,4,6,http://www.bing.com/rp/NnFHhz2jL6yzChtIhaB5IIVKY5k.svg,20,0,0
1614679008657,22,Kittens-10,200,OK,Bing Various 2-4,text,false,Test failed: text expected something using /200/	Test failed: text expected something using /301/	,1505,150,4,6,http://www.bing.com/rp/jZQUtjbvBNTFVhjuc1I6KRsoYFQ.css,22,0,0
1614679008679,19,Kittens-11,200,OK,Bing Various 2-4,text,false,Test failed: text expected something using /200/	Test failed: text expected something using /301/	,1545,150,4,6,http://www.bing.com/rp/DGRMR9NeVlyY3l85HlsGXYkE8_s.css,19,0,0
1614679008698,29,Kittens-12,200,OK,Bing Various 2-4,text,false,Test failed: text expected something using /200/	Test failed: text expected something using /301/	,1210,150,4,6,http://www.bing.com/rp/K1lFw1Mm-fGE5oJrZ4Sbf44j-54.css,29,0,0
1614679008727,19,Kittens-13,200,OK,Bing Various 2-4,text,true,,7544,150,4,6,http://www.bing.com/rp/IM8yRggr6PIeHc40CX57dqaq-lc.css,19,0,0
1614679008746,20,Kittens-14,200,OK,Bing Various 2-4,text,false,Test failed: text expected something using /200/	Test failed: text expected something using /301/	,1772,150,4,6,http://www.bing.com/rp/dPivqrU3cqe5fmsrlV6oVXWN6J8.css,20,0,0
1614679008766,22,Kittens-15,200,OK,Bing Various 2-4,text,false,Test failed: text expected something using /200/	Test failed: text expected something using /301/	,4626,150,4,6,http://www.bing.com/rp/fWNNQ1PnvP0-d6lD80KSmXG3Q4o.css,22,0,0
1614679008788,22,Kittens-16,200,OK,Bing Various 2-4,bin,false,Test failed: text expected something using /200/	Test failed: text expected something using /301/	,2630,150,4,6,http://www.bing.com/rp/kFAqShRrnkQMbH6NYLBYoJ3lq9s.png,22,0,0
1614679008810,43,Kittens-17,200,OK,Bing Various 2-4,bin,false,Test failed: text expected something using /200/	Test failed: text expected something using /301/	,1602,203,4,6,http://tse1.mm.bing.net/th?q=Really+Cute+Kittens&w=42&h=42&c=7&rs=1&p=0&o=5&pid=1.7&mkt=en-GB&adlt=moderate,43,0,21
1614679008854,44,Kittens-18,200,OK,Bing Various 2-4,bin,false,Test failed: text expected something using /200/	Test failed: text expected something using /301/	,1640,198,4,6,http://tse3.mm.bing.net/th?q=Ginger+Kittens&w=42&h=42&c=7&rs=1&p=0&o=5&pid=1.7&mkt=en-GB&adlt=moderate,44,0,21
1614679008899,49,Kittens-19,200,OK,Bing Various 2-4,bin,false,Test failed: text expected something using /200/	Test failed: text expected something using /301/	,1868,200,4,6,http://tse4.mm.bing.net/th?q=Too+Cute+Kittens&w=42&h=42&c=7&rs=1&p=0&o=5&pid=1.7&mkt=en-GB&adlt=moderate,49,0,17
1614679008948,19,Kittens-20,200,OK,Bing Various 2-4,bin,false,Test failed: text expected something using /200/	Test failed: text expected something using /301/	,1500,198,4,6,http://tse3.mm.bing.net/th?q=Fluffy+Kittens&w=42&h=42&c=7&rs=1&p=0&o=5&pid=1.7&mkt=en-GB&adlt=moderate,19,0,0
1614679008967,20,Kittens-21,200,OK,Bing Various 2-4,bin,false,Test failed: text expected something using /200/	Test failed: text expected something using /301/	,1509,201,4,6,http://tse4.mm.bing.net/th?q=Cute+Baby+Kittens&w=42&h=42&c=7&rs=1&p=0&o=5&pid=1.7&mkt=en-GB&adlt=moderate,20,0,0
1614679008987,22,Kittens-22,200,OK,Bing Various 2-4,bin,false,Test failed: text expected something using /200/	Test failed: text expected something using /301/	,2006,200,4,6,http://tse1.mm.bing.net/th?q=Precious+Kittens&w=42&h=42&c=7&rs=1&p=0&o=5&pid=1.7&mkt=en-GB&adlt=moderate,22,0,0
1614679009009,53,Kittens-23,200,OK,Bing Various 2-4,bin,false,Test failed: text expected something using /200/	Test failed: text expected something using /301/	,8003,184,4,6,http://tse4.mm.bing.net/th/id/OIP.EU8SktG5ZMii70PgLSZEiQHaIF?w=191&h=209&c=7&o=5&pid=1.7,53,0,0
1614679009063,25,Kittens-24,200,OK,Bing Various 2-4,bin,false,Test failed: text expected something using /200/	Test failed: text expected something using /301/	,9588,232,4,6,http://tse3.mm.bing.net/th?q=Little+Baby+Kittens&dc=3&w=100&h=100&c=1&rs=1&pid=InlineBlock&mkt=en-GB&adlt=moderate&t=1&mw=240&sr=3&shs=2,25,0,0
1614679009088,82,Kittens-25,200,OK,Bing Various 2-4,bin,false,Test failed: text expected something using /200/	Test failed: text expected something using /301/	,5541,184,4,6,http://tse4.mm.bing.net/th/id/OIP.1BLPgeOcciiQS0BjG1qktgHaHm?w=191&h=196&c=7&o=5&pid=1.7,82,0,0
1614679009170,31,Kittens-26,200,OK,Bing Various 2-4,bin,false,Test failed: text expected something using /200/	Test failed: text expected something using /301/	,12066,184,4,6,http://tse1.mm.bing.net/th/id/OIP.DYS2GCbA20jAS2n271fVRgHaLI?w=191&h=288&c=7&o=5&pid=1.7,31,0,0
1614679009202,75,Kittens-27,200,OK,Bing Various 2-4,bin,false,Test failed: text expected something using /200/	Test failed: text expected something using /301/	,10294,184,4,6,http://tse2.mm.bing.net/th/id/OIP.dxS3hmLb4wG2kgWr7YmErwAAAA?w=191&h=260&c=7&o=5&pid=1.7,75,0,18
1614679009277,121,Kittens-28,200,OK,Bing Various 2-4,bin,false,Test failed: text expected something using /200/	Test failed: text expected something using /301/	,13421,184,4,6,http://tse4.mm.bing.net/th/id/OIP.Xu7KS9rBARpSC1LcidhKKwHaMY?w=191&h=320&c=7&o=5&pid=1.7,121,0,0
1614679009398,55,Kittens-29,200,OK,Bing Various 2-4,bin,false,Test failed: text expected something using /200/	Test failed: text expected something using /301/	,8790,184,4,6,http://tse2.mm.bing.net/th/id/OIP.0MQsBA0jAi0NTv_rKmbTCwAAAA?w=191&h=255&c=7&o=5&pid=1.7,55,0,0
1614679009453,73,Kittens-30,200,OK,Bing Various 2-4,bin,false,Test failed: text expected something using /200/	Test failed: text expected something using /301/	,12543,184,4,6,http://tse4.mm.bing.net/th/id/OIP.87hD7hGp7y1lHaF0HzYyrQHaK7?w=191&h=282&c=7&o=5&pid=1.7,73,0,0
1614679009526,24,Kittens-31,200,OK,Bing Various 2-4,bin,false,Test failed: text expected something using /200/	Test failed: text expected something using /301/	,11837,184,4,6,http://tse1.mm.bing.net/th/id/OIP.8H5mYRoTtJyhQ1g-Fn5cmQHaLB?w=191&h=286&c=7&o=5&pid=1.7,22,0,0
1614679009550,57,Kittens-32,200,OK,Bing Various 2-4,bin,false,Test failed: text expected something using /200/	Test failed: text expected something using /301/	,10283,184,4,6,http://tse4.mm.bing.net/th/id/OIP.p-oQ3KFc_2cndtaEoIMRrgHaJ4?w=191&h=255&c=7&o=5&pid=1.7,57,0,0
1614679009607,114,Kittens-33,200,OK,Bing Various 2-4,bin,false,Test failed: text expected something using /200/	Test failed: text expected something using /301/	,9768,184,4,6,http://tse4.mm.bing.net/th/id/OIP.QKHJvMZdRmHVFFuH-qNyCwHaKk?w=191&h=272&c=7&o=5&pid=1.7,114,0,0
1614679009721,27,Kittens-34,200,OK,Bing Various 2-4,bin,false,Test failed: text expected something using /200/	Test failed: text expected something using /301/	,13199,232,4,6,http://tse4.mm.bing.net/th?q=Cute+Teacup+Kittens&dc=3&w=100&h=100&c=1&rs=1&pid=InlineBlock&mkt=en-GB&adlt=moderate&t=1&mw=240&sr=3&shs=2,27,0,0
1614679009748,20,Kittens-35,200,OK,Bing Various 2-4,bin,false,Test failed: text expected something using /200/	Test failed: text expected something using /301/	,482,141,4,6,http://www.bing.com/sa/simg/Flag_Feedback.png,20,0,0
1614679009768,18,Kittens-36,200,OK,Bing Various 2-4,bin,false,Test failed: text expected something using /200/	Test failed: text expected something using /301/	,936,150,4,6,http://www.bing.com/rp/ytiieusXgM2K8bLkEDP-AS1ePds.png,18,0,0
1614679009786,39,Kittens-37,200,OK,Bing Various 2-4,text,false,Test failed: text expected something using /200/	Test failed: text expected something using /301/	,1110,149,4,6,http://www.bing.com/rp/da3XTE4E24gCNAQJm5tKrqZDeuc.js,39,0,0
1614679009825,20,Kittens-38,200,OK,Bing Various 2-4,text,false,Test failed: text expected something using /200/	Test failed: text expected something using /301/	,7000,149,4,6,http://www.bing.com/rp/BVRRZgrJAOx-_HOHkWyllv5vdF4.js,20,0,0
1614679008454,1708,Kittens,200,OK,Bing Various 2-5,text,false,One or more sub-samples failed,668062,6973,4,6,http://www.bing.com/images/search?q=Kittens,51,0,22
1614679008454,51,Kittens-0,301,Moved Permanently,Bing Various 2-5,,false,Response was null,275,135,4,6,http://bing.com/images/search?q=Kittens,51,0,22
1614679008506,345,Kittens-1,200,OK,Bing Various 2-5,text,true,,453447,139,4,6,http://www.bing.com/images/search?q=Kittens,98,0,21
1614679008869,25,Kittens-2,200,OK,Bing Various 2-5,bin,false,Test failed: text expected something using /200/	Test failed: text expected something using /301/	,4616,138,4,6,http://www.bing.com/sa/simg/favicon-2x.ico,25,0,0
1614679008894,20,Kittens-3,200,OK,Bing Various 2-5,text,true,,1376,150,4,6,http://www.bing.com/rp/XvRHqJwJt19aXQca73hQTfvNMxk.svg,20,0,0
1614679008915,22,Kittens-4,200,OK,Bing Various 2-5,text,true,,1502,150,4,6,http://www.bing.com/rp/fdVZU4ttbw8NDRm6H3I5BW3_vCo.svg,22,0,0
1614679008937,16,Kittens-5,200,OK,Bing Various 2-5,text,true,,1933,150,4,6,http://www.bing.com/rp/4L4QdyjTv0HYE2Ig2ol9eYoqxg8.svg,16,0,0
1614679008953,17,Kittens-6,200,OK,Bing Various 2-5,text,true,,1113,150,4,6,http://www.bing.com/rp/Fsa_OI0AplCnVoXGca8ALOo0S0s.svg,17,0,0
1614679008970,21,Kittens-7,200,OK,Bing Various 2-5,text,true,,1795,150,4,6,http://www.bing.com/rp/UYtUYDcn1oZlFG-YfBPz59zejYI.svg,20,0,0
1614679008991,19,Kittens-8,200,OK,Bing Various 2-5,text,true,,1557,150,4,6,http://www.bing.com/rp/KC_nX2_tPPyFvVw1RK20Yu1FyDk.svg,19,0,0
1614679009010,103,Kittens-9,200,OK,Bing Various 2-5,text,true,,1943,150,4,6,http://www.bing.com/rp/NnFHhz2jL6yzChtIhaB5IIVKY5k.svg,103,0,0
1614679009113,19,Kittens-10,200,OK,Bing Various 2-5,text,false,Test failed: text expected something using /200/	Test failed: text expected something using /301/	,1505,150,4,6,http://www.bing.com/rp/jZQUtjbvBNTFVhjuc1I6KRsoYFQ.css,19,0,0
1614679009133,21,Kittens-11,200,OK,Bing Various 2-5,text,false,Test failed: text expected something using /200/	Test failed: text expected something using /301/	,1545,150,4,6,http://www.bing.com/rp/DGRMR9NeVlyY3l85HlsGXYkE8_s.css,21,0,0
1614679009154,19,Kittens-12,200,OK,Bing Various 2-5,text,false,Test failed: text expected something using /200/	Test failed: text expected something using /301/	,1210,150,4,6,http://www.bing.com/rp/K1lFw1Mm-fGE5oJrZ4Sbf44j-54.css,19,0,0
1614679009173,28,Kittens-13,200,OK,Bing Various 2-5,text,true,,7544,150,4,6,http://www.bing.com/rp/IM8yRggr6PIeHc40CX57dqaq-lc.css,28,0,0
1614679009201,22,Kittens-14,200,OK,Bing Various 2-5,text,false,Test failed: text expected something using /200/	Test failed: text expected something using /301/	,1772,150,4,6,http://www.bing.com/rp/dPivqrU3cqe5fmsrlV6oVXWN6J8.css,22,0,0
1614679009223,20,Kittens-15,200,OK,Bing Various 2-5,text,false,Test failed: text expected something using /200/	Test failed: text expected something using /301/	,4626,150,4,6,http://www.bing.com/rp/fWNNQ1PnvP0-d6lD80KSmXG3Q4o.css,20,0,0
1614679009243,21,Kittens-16,200,OK,Bing Various 2-5,bin,false,Test failed: text expected something using /200/	Test failed: text expected something using /301/	,2630,150,4,6,http://www.bing.com/rp/kFAqShRrnkQMbH6NYLBYoJ3lq9s.png,21,0,0
1614679009265,43,Kittens-17,200,OK,Bing Various 2-5,bin,false,Test failed: text expected something using /200/	Test failed: text expected something using /301/	,1602,203,4,6,http://tse1.mm.bing.net/th?q=Really+Cute+Kittens&w=42&h=42&c=7&rs=1&p=0&o=5&pid=1.7&mkt=en-GB&adlt=moderate,43,0,18
1614679009308,43,Kittens-18,200,OK,Bing Various 2-5,bin,false,Test failed: text expected something using /200/	Test failed: text expected something using /301/	,1640,198,4,6,http://tse3.mm.bing.net/th?q=Ginger+Kittens&w=42&h=42&c=7&rs=1&p=0&o=5&pid=1.7&mkt=en-GB&adlt=moderate,43,0,18
1614679009352,47,Kittens-19,200,OK,Bing Various 2-5,bin,false,Test failed: text expected something using /200/	Test failed: text expected something using /301/	,1868,200,4,6,http://tse4.mm.bing.net/th?q=Too+Cute+Kittens&w=42&h=42&c=7&rs=1&p=0&o=5&pid=1.7&mkt=en-GB&adlt=moderate,47,0,22
1614679009399,23,Kittens-20,200,OK,Bing Various 2-5,bin,false,Test failed: text expected something using /200/	Test failed: text expected something using /301/	,1500,198,4,6,http://tse3.mm.bing.net/th?q=Fluffy+Kittens&w=42&h=42&c=7&rs=1&p=0&o=5&pid=1.7&mkt=en-GB&adlt=moderate,23,0,0
1614679009423,23,Kittens-21,200,OK,Bing Various 2-5,bin,false,Test failed: text expected something using /200/	Test failed: text expected something using /301/	,1509,201,4,6,http://tse4.mm.bing.net/th?q=Cute+Baby+Kittens&w=42&h=42&c=7&rs=1&p=0&o=5&pid=1.7&mkt=en-GB&adlt=moderate,23,0,0
1614679009446,19,Kittens-22,200,OK,Bing Various 2-5,bin,false,Test failed: text expected something using /200/	Test failed: text expected something using /301/	,2006,200,4,6,http://tse1.mm.bing.net/th?q=Precious+Kittens&w=42&h=42&c=7&rs=1&p=0&o=5&pid=1.7&mkt=en-GB&adlt=moderate,19,0,0
1614679009466,25,Kittens-23,200,OK,Bing Various 2-5,bin,false,Test failed: text expected something using /200/	Test failed: text expected something using /301/	,9373,184,4,6,http://tse4.mm.bing.net/th/id/OIP.g7X44N3UTeeiqR-bw-4tugHaFy?w=191&h=149&c=7&o=5&pid=1.7,25,0,0
1614679009491,22,Kittens-24,200,OK,Bing Various 2-5,bin,false,Test failed: text expected something using /200/	Test failed: text expected something using /301/	,7544,184,4,6,http://tse4.mm.bing.net/th/id/OIP.y09KdGz4r3jEnzA3XHeWvwHaE8?w=191&h=128&c=7&o=5&pid=1.7,22,0,0
1614679009513,24,Kittens-25,200,OK,Bing Various 2-5,bin,false,Test failed: text expected something using /200/	Test failed: text expected something using /301/	,3973,184,4,6,http://tse3.mm.bing.net/th/id/OIP.iPPdhC1Lio2Qj-bOjyq6LgHaEK?w=191&h=107&c=7&o=5&pid=1.7,24,0,0
1614679009537,25,Kittens-26,200,OK,Bing Various 2-5,bin,false,Test failed: text expected something using /200/	Test failed: text expected something using /301/	,18641,184,4,6,http://tse4.mm.bing.net/th/id/OIP.xO9-9frMZ9NjfJx9trxhBwDPEt?w=191&h=278&c=7&o=5&pid=1.7,25,0,0
1614679009562,92,Kittens-27,200,OK,Bing Various 2-5,bin,false,Test failed: text expected something using /200/	Test failed: text expected something using /301/	,12537,184,4,6,http://tse1.mm.bing.net/th/id/OIP.E5J6CtifNwNYEkCuJAkTBwHaJ4?w=191&h=255&c=7&o=5&pid=1.7,91,0,0
1614679009654,20,Kittens-28,200,OK,Bing Various 2-5,bin,false,Test failed: text expected something using /200/	Test failed: text expected something using /301/	,11852,184,4,6,http://tse4.mm.bing.net/th/id/OIP.p7QwnVvTLTfiCBCddqt0-gAAAA?w=191&h=289&c=7&o=5&pid=1.7,20,0,0
1614679009674,26,Kittens-29,200,OK,Bing Various 2-5,bin,false,Test failed: text expected something using /200/	Test failed: text expected something using /301/	,13199,232,4,6,http://tse4.mm.bing.net/th?q=Cute+Teacup+Kittens&dc=3&w=100&h=100&c=1&rs=1&pid=InlineBlock&mkt=en-GB&adlt=moderate&t=1&mw=240&sr=3&shs=2,26,0,0
1614679009700,21,Kittens-30,200,OK,Bing Various 2-5,bin,false,Test failed: text expected something using /200/	Test failed: text expected something using /301/	,14629,184,4,6,http://tse4.mm.bing.net/th/id/OIP.FXwOjB9bdzOykuPW-uVWQAHaJ3?w=191&h=255&c=7&o=5&pid=1.7,21,0,0
1614679009721,27,Kittens-31,200,OK,Bing Various 2-5,bin,false,Test failed: text expected something using /200/	Test failed: text expected something using /301/	,12080,184,4,6,http://tse3.mm.bing.net/th/id/OIP.d-tqJewhqKAcGLnJfE0JIAHaLO?w=191&h=289&c=7&o=5&pid=1.7,27,0,0
1614679009757,98,Kittens-32,200,OK,Bing Various 2-5,bin,false,Test failed: text expected something using /200/	Test failed: text expected something using /301/	,12312,184,4,6,http://tse2.mm.bing.net/th/id/OIP.lyOHk9GXL6KlyUyx3g8wdgAAAA?w=191&h=286&c=7&o=5&pid=1.7,96,0,17
1614679009855,24,Kittens-33,200,OK,Bing Various 2-5,bin,false,Test failed: text expected something using /200/	Test failed: text expected something using /301/	,10197,184,4,6,http://tse4.mm.bing.net/th/id/OIP.ryWck3N9kgsZQIT7ZNNLhQHaLG?w=191&h=286&c=7&o=5&pid=1.7,24,0,0
1614679009879,25,Kittens-34,200,OK,Bing Various 2-5,bin,false,Test failed: text expected something using /200/	Test failed: text expected something using /301/	,7321,184,4,6,http://tse3.mm.bing.net/th/id/OIP.aw-rnbZtIHQn0AM4gL34ugHaE7?w=191&h=127&c=7&o=5&pid=1.7,25,0,0
1614679009904,25,Kittens-35,200,OK,Bing Various 2-5,bin,false,Test failed: text expected something using /200/	Test failed: text expected something using /301/	,9588,232,4,6,http://tse3.mm.bing.net/th?q=Little+Baby+Kittens&dc=3&w=100&h=100&c=1&rs=1&pid=InlineBlock&mkt=en-GB&adlt=moderate&t=1&mw=240&sr=3&shs=2,25,0,0
1614679009929,25,Kittens-36,200,OK,Bing Various 2-5,bin,false,Test failed: text expected something using /200/	Test failed: text expected something using /301/	,14775,184,4,6,http://tse4.mm.bing.net/th/id/OIP.sFUYyGfpDLPzoCtC3-UOoQHaJ4?w=191&h=255&c=7&o=5&pid=1.7,24,0,0
1614679009954,143,Kittens-37,200,OK,Bing Various 2-5,bin,false,Test failed: text expected something using /200/	Test failed: text expected something using /301/	,482,141,4,6,http://www.bing.com/sa/simg/Flag_Feedback.png,143,0,0
1614679010097,21,Kittens-38,200,OK,Bing Various 2-5,bin,false,Test failed: text expected something using /200/	Test failed: text expected something using /301/	,936,150,4,6,http://www.bing.com/rp/ytiieusXgM2K8bLkEDP-AS1ePds.png,21,0,0
1614679010118,20,Kittens-39,200,OK,Bing Various 2-5,text,false,Test failed: text expected something using /200/	Test failed: text expected something using /301/	,1109,149,4,6,http://www.bing.com/rp/da3XTE4E24gCNAQJm5tKrqZDeuc.js,20,0,0
1614679010138,24,Kittens-40,200,OK,Bing Various 2-5,text,false,Test failed: text expected something using /200/	Test failed: text expected something using /301/	,7000,149,4,6,http://www.bing.com/rp/BVRRZgrJAOx-_HOHkWyllv5vdF4.js,23,0,0
1614679008965,1949,Kittens,200,OK,Bing Various 2-6,text,false,One or more sub-samples failed,668374,6973,4,6,http://www.bing.com/images/search?q=Kittens,44,0,18
1614679008965,44,Kittens-0,301,Moved Permanently,Bing Various 2-6,,false,Response was null,275,135,4,6,http://bing.com/images/search?q=Kittens,44,0,18
1614679009010,463,Kittens-1,200,OK,Bing Various 2-6,text,true,,453757,139,4,6,http://www.bing.com/images/search?q=Kittens,110,0,23
1614679009487,26,Kittens-2,200,OK,Bing Various 2-6,bin,false,Test failed: text expected something using /200/	Test failed: text expected something using /301/	,4616,138,4,6,http://www.bing.com/sa/simg/favicon-2x.ico,26,0,0
1614679009513,22,Kittens-3,200,OK,Bing Various 2-6,text,true,,1376,150,4,6,http://www.bing.com/rp/XvRHqJwJt19aXQca73hQTfvNMxk.svg,22,0,0
1614679009535,18,Kittens-4,200,OK,Bing Various 2-6,text,true,,1502,150,4,6,http://www.bing.com/rp/fdVZU4ttbw8NDRm6H3I5BW3_vCo.svg,18,0,0
1614679009553,22,Kittens-5,200,OK,Bing Various 2-6,text,true,,1933,150,4,6,http://www.bing.com/rp/4L4QdyjTv0HYE2Ig2ol9eYoqxg8.svg,22,0,0
1614679009575,22,Kittens-6,200,OK,Bing Various 2-6,text,true,,1113,150,4,6,http://www.bing.com/rp/Fsa_OI0AplCnVoXGca8ALOo0S0s.svg,22,0,0
1614679009597,17,Kittens-7,200,OK,Bing Various 2-6,text,true,,1795,150,4,6,http://www.bing.com/rp/UYtUYDcn1oZlFG-YfBPz59zejYI.svg,17,0,0
1614679009614,25,Kittens-8,200,OK,Bing Various 2-6,text,true,,1557,150,4,6,http://www.bing.com/rp/KC_nX2_tPPyFvVw1RK20Yu1FyDk.svg,25,0,0
1614679009639,16,Kittens-9,200,OK,Bing Various 2-6,text,true,,1943,150,4,6,http://www.bing.com/rp/NnFHhz2jL6yzChtIhaB5IIVKY5k.svg,16,0,0
1614679009655,22,Kittens-10,200,OK,Bing Various 2-6,text,false,Test failed: text expected something using /200/	Test failed: text expected something using /301/	,1505,150,4,6,http://www.bing.com/rp/jZQUtjbvBNTFVhjuc1I6KRsoYFQ.css,22,0,0
1614679009677,27,Kittens-11,200,OK,Bing Various 2-6,text,false,Test failed: text expected something using /200/	Test failed: text expected something using /301/	,1545,150,4,6,http://www.bing.com/rp/DGRMR9NeVlyY3l85HlsGXYkE8_s.css,27,0,0
1614679009704,26,Kittens-12,200,OK,Bing Various 2-6,text,false,Test failed: text expected something using /200/	Test failed: text expected something using /301/	,1210,150,4,6,http://www.bing.com/rp/K1lFw1Mm-fGE5oJrZ4Sbf44j-54.css,26,0,0
1614679009730,25,Kittens-13,200,OK,Bing Various 2-6,text,true,,7544,150,4,6,http://www.bing.com/rp/IM8yRggr6PIeHc40CX57dqaq-lc.css,25,0,0
1614679009756,21,Kittens-14,200,OK,Bing Various 2-6,text,false,Test failed: text expected something using /200/	Test failed: text expected something using /301/	,1772,150,4,6,http://www.bing.com/rp/dPivqrU3cqe5fmsrlV6oVXWN6J8.css,21,0,0
1614679009777,48,Kittens-15,200,OK,Bing Various 2-6,text,false,Test failed: text expected something using /200/	Test failed: text expected something using /301/	,4626,150,4,6,http://www.bing.com/rp/fWNNQ1PnvP0-d6lD80KSmXG3Q4o.css,48,0,0
1614679009826,41,Kittens-16,200,OK,Bing Various 2-6,bin,false,Test failed: text expected something using /200/	Test failed: text expected something using /301/	,2630,150,4,6,http://www.bing.com/rp/kFAqShRrnkQMbH6NYLBYoJ3lq9s.png,41,0,0
1614679009868,51,Kittens-17,200,OK,Bing Various 2-6,bin,false,Test failed: text expected something using /200/	Test failed: text expected something using /301/	,1602,203,4,6,http://tse1.mm.bing.net/th?q=Really+Cute+Kittens&w=42&h=42&c=7&rs=1&p=0&o=5&pid=1.7&mkt=en-GB&adlt=moderate,51,0,26
1614679009920,44,Kittens-18,200,OK,Bing Various 2-6,bin,false,Test failed: text expected something using /200/	Test failed: text expected something using /301/	,1640,198,4,6,http://tse3.mm.bing.net/th?q=Ginger+Kittens&w=42&h=42&c=7&rs=1&p=0&o=5&pid=1.7&mkt=en-GB&adlt=moderate,44,0,19
1614679009964,52,Kittens-19,200,OK,Bing Various 2-6,bin,false,Test failed: text expected something using /200/	Test failed: text expected something using /301/	,1868,200,4,6,http://tse4.mm.bing.net/th?q=Too+Cute+Kittens&w=42&h=42&c=7&rs=1&p=0&o=5&pid=1.7&mkt=en-GB&adlt=moderate,52,0,25
1614679010016,19,Kittens-20,200,OK,Bing Various 2-6,bin,false,Test failed: text expected something using /200/	Test failed: text expected something using /301/	,1500,198,4,6,http://tse3.mm.bing.net/th?q=Fluffy+Kittens&w=42&h=42&c=7&rs=1&p=0&o=5&pid=1.7&mkt=en-GB&adlt=moderate,19,0,0
1614679010035,19,Kittens-21,200,OK,Bing Various 2-6,bin,false,Test failed: text expected something using /200/	Test failed: text expected something using /301/	,1509,201,4,6,http://tse4.mm.bing.net/th?q=Cute+Baby+Kittens&w=42&h=42&c=7&rs=1&p=0&o=5&pid=1.7&mkt=en-GB&adlt=moderate,19,0,0
1614679010054,20,Kittens-22,200,OK,Bing Various 2-6,bin,false,Test failed: text expected something using /200/	Test failed: text expected something using /301/	,2006,200,4,6,http://tse1.mm.bing.net/th?q=Precious+Kittens&w=42&h=42&c=7&rs=1&p=0&o=5&pid=1.7&mkt=en-GB&adlt=moderate,20,0,0
1614679010074,29,Kittens-23,200,OK,Bing Various 2-6,bin,false,Test failed: text expected something using /200/	Test failed: text expected something using /301/	,9373,184,4,6,http://tse4.mm.bing.net/th/id/OIP.g7X44N3UTeeiqR-bw-4tugHaFy?w=191&h=149&c=7&o=5&pid=1.7,29,0,0
1614679010103,24,Kittens-24,200,OK,Bing Various 2-6,bin,false,Test failed: text expected something using /200/	Test failed: text expected something using /301/	,7544,184,4,6,http://tse4.mm.bing.net/th/id/OIP.y09KdGz4r3jEnzA3XHeWvwHaE8?w=191&h=128&c=7&o=5&pid=1.7,24,0,0
1614679010127,72,Kittens-25,200,OK,Bing Various 2-6,bin,false,Test failed: text expected something using /200/	Test failed: text expected something using /301/	,3974,184,4,6,http://tse3.mm.bing.net/th/id/OIP.iPPdhC1Lio2Qj-bOjyq6LgHaEK?w=191&h=107&c=7&o=5&pid=1.7,72,0,0
1614679010199,24,Kittens-26,200,OK,Bing Various 2-6,bin,false,Test failed: text expected something using /200/	Test failed: text expected something using /301/	,18641,184,4,6,http://tse4.mm.bing.net/th/id/OIP.xO9-9frMZ9NjfJx9trxhBwDPEt?w=191&h=278&c=7&o=5&pid=1.7,24,0,0
1614679010223,26,Kittens-27,200,OK,Bing Various 2-6,bin,false,Test failed: text expected something using /200/	Test failed: text expected something using /301/	,12536,184,4,6,http://tse1.mm.bing.net/th/id/OIP.E5J6CtifNwNYEkCuJAkTBwHaJ4?w=191&h=255&c=7&o=5&pid=1.7,26,0,0
1614679010249,36,Kittens-28,200,OK,Bing Various 2-6,bin,false,Test failed: text expected something using /200/	Test failed: text expected something using /301/	,11852,184,4,6,http://tse4.mm.bing.net/th/id/OIP.p7QwnVvTLTfiCBCddqt0-gAAAA?w=191&h=289&c=7&o=5&pid=1.7,36,0,0
1614679010285,22,Kittens-29,200,OK,Bing Various 2-6,bin,false,Test failed: text expected something using /200/	Test failed: text expected something using /301/	,13199,232,4,6,http://tse4.mm.bing.net/th?q=Cute+Teacup+Kittens&dc=3&w=100&h=100&c=1&rs=1&pid=InlineBlock&mkt=en-GB&adlt=moderate&t=1&mw=240&sr=3&shs=2,22,0,0
1614679010307,23,Kittens-30,200,OK,Bing Various 2-6,bin,false,Test failed: text expected something using /200/	Test failed: text expected something using /301/	,14629,184,4,6,http://tse4.mm.bing.net/th/id/OIP.FXwOjB9bdzOykuPW-uVWQAHaJ3?w=191&h=255&c=7&o=5&pid=1.7,23,0,0
1614679010330,58,Kittens-31,200,OK,Bing Various 2-6,bin,false,Test failed: text expected something using /200/	Test failed: text expected something using /301/	,12081,184,4,6,http://tse3.mm.bing.net/th/id/OIP.d-tqJewhqKAcGLnJfE0JIAHaLO?w=191&h=289&c=7&o=5&pid=1.7,58,0,0
1614679010388,260,Kittens-32,200,OK,Bing Various 2-6,bin,false,Test failed: text expected something using /200/	Test failed: text expected something using /301/	,12312,184,4,6,http://tse2.mm.bing.net/th/id/OIP.lyOHk9GXL6KlyUyx3g8wdgAAAA?w=191&h=286&c=7&o=5&pid=1.7,260,0,24
1614679010648,25,Kittens-33,200,OK,Bing Various 2-6,bin,false,Test failed: text expected something using /200/	Test failed: text expected something using /301/	,10197,184,4,6,http://tse4.mm.bing.net/th/id/OIP.ryWck3N9kgsZQIT7ZNNLhQHaLG?w=191&h=286&c=7&o=5&pid=1.7,25,0,0
1614679010673,50,Kittens-34,200,OK,Bing Various 2-6,bin,false,Test failed: text expected something using /200/	Test failed: text expected something using /301/	,7322,184,4,6,http://tse3.mm.bing.net/th/id/OIP.aw-rnbZtIHQn0AM4gL34ugHaE7?w=191&h=127&c=7&o=5&pid=1.7,50,0,0
1614679010723,30,Kittens-35,200,OK,Bing Various 2-6,bin,false,Test failed: text expected something using /200/	Test failed: text expected something using /301/	,9588,232,4,6,http://tse3.mm.bing.net/th?q=Little+Baby+Kittens&dc=3&w=100&h=100&c=1&rs=1&pid=InlineBlock&mkt=en-GB&adlt=moderate&t=1&mw=240&sr=3&shs=2,30,0,0
1614679010753,63,Kittens-36,200,OK,Bing Various 2-6,bin,false,Test failed: text expected something using /200/	Test failed: text expected something using /301/	,14775,184,4,6,http://tse4.mm.bing.net/th/id/OIP.sFUYyGfpDLPzoCtC3-UOoQHaJ4?w=191&h=255&c=7&o=5&pid=1.7,63,0,0
1614679010816,24,Kittens-37,200,OK,Bing Various 2-6,bin,false,Test failed: text expected something using /200/	Test failed: text expected something using /301/	,482,141,4,6,http://www.bing.com/sa/simg/Flag_Feedback.png,24,0,0
1614679010840,21,Kittens-38,200,OK,Bing Various 2-6,bin,false,Test failed: text expected something using /200/	Test failed: text expected something using /301/	,936,150,4,6,http://www.bing.com/rp/ytiieusXgM2K8bLkEDP-AS1ePds.png,21,0,0
1614679010861,24,Kittens-39,200,OK,Bing Various 2-6,text,false,Test failed: text expected something using /200/	Test failed: text expected something using /301/	,1109,149,4,6,http://www.bing.com/rp/da3XTE4E24gCNAQJm5tKrqZDeuc.js,24,0,0
1614679010885,29,Kittens-40,200,OK,Bing Various 2-6,text,false,Test failed: text expected something using /200/	Test failed: text expected something using /301/	,7000,149,4,6,http://www.bing.com/rp/BVRRZgrJAOx-_HOHkWyllv5vdF4.js,29,0,0
1614679009468,1897,Kittens,200,OK,Bing Various 2-7,text,false,One or more sub-samples failed,668375,6973,4,6,http://www.bing.com/images/search?q=Kittens,45,0,23
1614679009468,45,Kittens-0,301,Moved Permanently,Bing Various 2-7,,false,Response was null,275,135,4,6,http://bing.com/images/search?q=Kittens,45,0,23
1614679009514,543,Kittens-1,200,OK,Bing Various 2-7,text,true,,453758,139,4,6,http://www.bing.com/images/search?q=Kittens,112,0,19
1614679010068,21,Kittens-2,200,OK,Bing Various 2-7,bin,false,Test failed: text expected something using /200/	Test failed: text expected something using /301/	,4616,138,4,6,http://www.bing.com/sa/simg/favicon-2x.ico,21,0,0
1614679010089,24,Kittens-3,200,OK,Bing Various 2-7,text,true,,1376,150,4,6,http://www.bing.com/rp/XvRHqJwJt19aXQca73hQTfvNMxk.svg,24,0,0
1614679010113,22,Kittens-4,200,OK,Bing Various 2-7,text,true,,1502,150,4,6,http://www.bing.com/rp/fdVZU4ttbw8NDRm6H3I5BW3_vCo.svg,22,0,0
1614679010135,20,Kittens-5,200,OK,Bing Various 2-7,text,true,,1933,150,4,6,http://www.bing.com/rp/4L4QdyjTv0HYE2Ig2ol9eYoqxg8.svg,20,0,0
1614679010155,22,Kittens-6,200,OK,Bing Various 2-7,text,true,,1113,150,4,6,http://www.bing.com/rp/Fsa_OI0AplCnVoXGca8ALOo0S0s.svg,22,0,0
1614679010177,20,Kittens-7,200,OK,Bing Various 2-7,text,true,,1795,150,4,6,http://www.bing.com/rp/UYtUYDcn1oZlFG-YfBPz59zejYI.svg,20,0,0
1614679010197,17,Kittens-8,200,OK,Bing Various 2-7,text,true,,1557,150,4,6,http://www.bing.com/rp/KC_nX2_tPPyFvVw1RK20Yu1FyDk.svg,17,0,0
1614679010214,21,Kittens-9,200,OK,Bing Various 2-7,text,true,,1943,150,4,6,http://www.bing.com/rp/NnFHhz2jL6yzChtIhaB5IIVKY5k.svg,21,0,0
1614679010235,83,Kittens-10,200,OK,Bing Various 2-7,text,false,Test failed: text expected something using /200/	Test failed: text expected something using /301/	,1505,150,4,6,http://www.bing.com/rp/jZQUtjbvBNTFVhjuc1I6KRsoYFQ.css,83,0,0
1614679010318,31,Kittens-11,200,OK,Bing Various 2-7,text,false,Test failed: text expected something using /200/	Test failed: text expected something using /301/	,1545,150,4,6,http://www.bing.com/rp/DGRMR9NeVlyY3l85HlsGXYkE8_s.css,31,0,0
1614679010349,27,Kittens-12,200,OK,Bing Various 2-7,text,false,Test failed: text expected something using /200/	Test failed: text expected something using /301/	,1210,150,4,6,http://www.bing.com/rp/K1lFw1Mm-fGE5oJrZ4Sbf44j-54.css,27,0,0
1614679010376,24,Kittens-13,200,OK,Bing Various 2-7,text,true,,7544,150,4,6,http://www.bing.com/rp/IM8yRggr6PIeHc40CX57dqaq-lc.css,24,0,0
1614679010400,21,Kittens-14,200,OK,Bing Various 2-7,text,false,Test failed: text expected something using /200/	Test failed: text expected something using /301/	,1772,150,4,6,http://www.bing.com/rp/dPivqrU3cqe5fmsrlV6oVXWN6J8.css,21,0,0
1614679010421,22,Kittens-15,200,OK,Bing Various 2-7,text,false,Test failed: text expected something using /200/	Test failed: text expected something using /301/	,4626,150,4,6,http://www.bing.com/rp/fWNNQ1PnvP0-d6lD80KSmXG3Q4o.css,22,0,0
1614679010443,21,Kittens-16,200,OK,Bing Various 2-7,bin,false,Test failed: text expected something using /200/	Test failed: text expected something using /301/	,2630,150,4,6,http://www.bing.com/rp/kFAqShRrnkQMbH6NYLBYoJ3lq9s.png,21,0,0
1614679010465,42,Kittens-17,200,OK,Bing Various 2-7,bin,false,Test failed: text expected something using /200/	Test failed: text expected something using /301/	,1602,203,4,6,http://tse1.mm.bing.net/th?q=Really+Cute+Kittens&w=42&h=42&c=7&rs=1&p=0&o=5&pid=1.7&mkt=en-GB&adlt=moderate,42,0,19
1614679010508,47,Kittens-18,200,OK,Bing Various 2-7,bin,false,Test failed: text expected something using /200/	Test failed: text expected something using /301/	,1640,198,4,6,http://tse3.mm.bing.net/th?q=Ginger+Kittens&w=42&h=42&c=7&rs=1&p=0&o=5&pid=1.7&mkt=en-GB&adlt=moderate,47,0,19
1614679010556,78,Kittens-19,200,OK,Bing Various 2-7,bin,false,Test failed: text expected something using /200/	Test failed: text expected something using /301/	,1869,200,4,6,http://tse4.mm.bing.net/th?q=Too+Cute+Kittens&w=42&h=42&c=7&rs=1&p=0&o=5&pid=1.7&mkt=en-GB&adlt=moderate,78,0,20
1614679010634,52,Kittens-20,200,OK,Bing Various 2-7,bin,false,Test failed: text expected something using /200/	Test failed: text expected something using /301/	,1501,198,4,6,http://tse3.mm.bing.net/th?q=Fluffy+Kittens&w=42&h=42&c=7&rs=1&p=0&o=5&pid=1.7&mkt=en-GB&adlt=moderate,52,0,0
1614679010687,71,Kittens-21,200,OK,Bing Various 2-7,bin,false,Test failed: text expected something using /200/	Test failed: text expected something using /301/	,1509,201,4,6,http://tse4.mm.bing.net/th?q=Cute+Baby+Kittens&w=42&h=42&c=7&rs=1&p=0&o=5&pid=1.7&mkt=en-GB&adlt=moderate,71,0,0
1614679010758,53,Kittens-22,200,OK,Bing Various 2-7,bin,false,Test failed: text expected something using /200/	Test failed: text expected something using /301/	,2006,200,4,6,http://tse1.mm.bing.net/th?q=Precious+Kittens&w=42&h=42&c=7&rs=1&p=0&o=5&pid=1.7&mkt=en-GB&adlt=moderate,53,0,0
1614679010811,29,Kittens-23,200,OK,Bing Various 2-7,bin,false,Test failed: text expected something using /200/	Test failed: text expected something using /301/	,9373,184,4,6,http://tse4.mm.bing.net/th/id/OIP.g7X44N3UTeeiqR-bw-4tugHaFy?w=191&h=149&c=7&o=5&pid=1.7,29,0,0
1614679010840,28,Kittens-24,200,OK,Bing Various 2-7,bin,false,Test failed: text expected something using /200/	Test failed: text expected something using /301/	,7544,184,4,6,http://tse4.mm.bing.net/th/id/OIP.y09KdGz4r3jEnzA3XHeWvwHaE8?w=191&h=128&c=7&o=5&pid=1.7,28,0,0
1614679010868,27,Kittens-25,200,OK,Bing Various 2-7,bin,false,Test failed: text expected something using /200/	Test failed: text expected something using /301/	,3973,184,4,6,http://tse3.mm.bing.net/th/id/OIP.iPPdhC1Lio2Qj-bOjyq6LgHaEK?w=191&h=107&c=7&o=5&pid=1.7,27,0,0
1614679010895,40,Kittens-26,200,OK,Bing Various 2-7,bin,false,Test failed: text expected something using /200/	Test failed: text expected something using /301/	,18641,184,4,6,http://tse4.mm.bing.net/th/id/OIP.xO9-9frMZ9NjfJx9trxhBwDPEt?w=191&h=278&c=7&o=5&pid=1.7,40,0,0
1614679010936,23,Kittens-27,200,OK,Bing Various 2-7,bin,false,Test failed: text expected something using /200/	Test failed: text expected something using /301/	,12536,184,4,6,http://tse1.mm.bing.net/th/id/OIP.E5J6CtifNwNYEkCuJAkTBwHaJ4?w=191&h=255&c=7&o=5&pid=1.7,23,0,0
1614679010959,26,Kittens-28,200,OK,Bing Various 2-7,bin,false,Test failed: text expected something using /200/	Test failed: text expected something using /301/	,11852,184,4,6,http://tse4.mm.bing.net/th/id/OIP.p7QwnVvTLTfiCBCddqt0-gAAAA?w=191&h=289&c=7&o=5&pid=1.7,26,0,0
1614679010985,56,Kittens-29,200,OK,Bing Various 2-7,bin,false,Test failed: text expected something using /200/	Test failed: text expected something using /301/	,13200,232,4,6,http://tse4.mm.bing.net/th?q=Cute+Teacup+Kittens&dc=3&w=100&h=100&c=1&rs=1&pid=InlineBlock&mkt=en-GB&adlt=moderate&t=1&mw=240&sr=3&shs=2,56,0,0
1614679011041,29,Kittens-30,200,OK,Bing Various 2-7,bin,false,Test failed: text expected something using /200/	Test failed: text expected something using /301/	,14629,184,4,6,http://tse4.mm.bing.net/th/id/OIP.FXwOjB9bdzOykuPW-uVWQAHaJ3?w=191&h=255&c=7&o=5&pid=1.7,27,0,0
1614679011070,20,Kittens-31,200,OK,Bing Various 2-7,bin,false,Test failed: text expected something using /200/	Test failed: text expected something using /301/	,12080,184,4,6,http://tse3.mm.bing.net/th/id/OIP.d-tqJewhqKAcGLnJfE0JIAHaLO?w=191&h=289&c=7&o=5&pid=1.7,20,0,0
1614679011091,50,Kittens-32,200,OK,Bing Various 2-7,bin,false,Test failed: text expected something using /200/	Test failed: text expected something using /301/	,12311,184,4,6,http://tse2.mm.bing.net/th/id/OIP.lyOHk9GXL6KlyUyx3g8wdgAAAA?w=191&h=286&c=7&o=5&pid=1.7,50,0,21
1614679011141,23,Kittens-33,200,OK,Bing Various 2-7,bin,false,Test failed: text expected something using /200/	Test failed: text expected something using /301/	,10197,184,4,6,http://tse4.mm.bing.net/th/id/OIP.ryWck3N9kgsZQIT7ZNNLhQHaLG?w=191&h=286&c=7&o=5&pid=1.7,23,0,0
1614679011164,29,Kittens-34,200,OK,Bing Various 2-7,bin,false,Test failed: text expected something using /200/	Test failed: text expected something using /301/	,7321,184,4,6,http://tse3.mm.bing.net/th/id/OIP.aw-rnbZtIHQn0AM4gL34ugHaE7?w=191&h=127&c=7&o=5&pid=1.7,29,0,0
1614679011193,56,Kittens-35,200,OK,Bing Various 2-7,bin,false,Test failed: text expected something using /200/	Test failed: text expected something using /301/	,9589,232,4,6,http://tse3.mm.bing.net/th?q=Little+Baby+Kittens&dc=3&w=100&h=100&c=1&rs=1&pid=InlineBlock&mkt=en-GB&adlt=moderate&t=1&mw=240&sr=3&shs=2,56,0,0
1614679011249,23,Kittens-36,200,OK,Bing Various 2-7,bin,false,Test failed: text expected something using /200/	Test failed: text expected something using /301/	,14775,184,4,6,http://tse4.mm.bing.net/th/id/OIP.sFUYyGfpDLPzoCtC3-UOoQHaJ4?w=191&h=255&c=7&o=5&pid=1.7,23,0,0
1614679011272,24,Kittens-37,200,OK,Bing Various 2-7,bin,false,Test failed: text expected something using /200/	Test failed: text expected something using /301/	,482,141,4,6,http://www.bing.com/sa/simg/Flag_Feedback.png,24,0,0
1614679011296,24,Kittens-38,200,OK,Bing Various 2-7,bin,false,Test failed: text expected something using /200/	Test failed: text expected something using /301/	,936,150,4,6,http://www.bing.com/rp/ytiieusXgM2K8bLkEDP-AS1ePds.png,24,0,0
1614679011320,22,Kittens-39,200,OK,Bing Various 2-7,text,false,Test failed: text expected something using /200/	Test failed: text expected something using /301/	,1109,149,4,6,http://www.bing.com/rp/da3XTE4E24gCNAQJm5tKrqZDeuc.js,22,0,0
1614679011342,23,Kittens-40,200,OK,Bing Various 2-7,text,false,Test failed: text expected something using /200/	Test failed: text expected something using /301/	,7000,149,4,6,http://www.bing.com/rp/BVRRZgrJAOx-_HOHkWyllv5vdF4.js,23,0,0
1614679009971,1829,Kittens,200,OK,Bing Various 2-8,text,false,One or more sub-samples failed,647109,6789,3,5,http://www.bing.com/images/search?q=Kittens,44,0,19
1614679009971,44,Kittens-0,301,Moved Permanently,Bing Various 2-8,,false,Response was null,275,135,3,5,http://bing.com/images/search?q=Kittens,44,0,19
1614679010015,493,Kittens-1,200,OK,Bing Various 2-8,text,true,,454087,139,3,5,http://www.bing.com/images/search?q=Kittens,111,0,21
1614679010520,21,Kittens-2,200,OK,Bing Various 2-8,bin,false,Test failed: text expected something using /200/	Test failed: text expected something using /301/	,4616,138,3,5,http://www.bing.com/sa/simg/favicon-2x.ico,21,0,0
1614679010541,21,Kittens-3,200,OK,Bing Various 2-8,text,true,,1376,150,3,5,http://www.bing.com/rp/XvRHqJwJt19aXQca73hQTfvNMxk.svg,21,0,0
1614679010562,19,Kittens-4,200,OK,Bing Various 2-8,text,true,,1502,150,3,5,http://www.bing.com/rp/fdVZU4ttbw8NDRm6H3I5BW3_vCo.svg,19,0,0
1614679010581,28,Kittens-5,200,OK,Bing Various 2-8,text,true,,1933,150,3,5,http://www.bing.com/rp/4L4QdyjTv0HYE2Ig2ol9eYoqxg8.svg,28,0,0
1614679010610,19,Kittens-6,200,OK,Bing Various 2-8,text,true,,1113,150,3,5,http://www.bing.com/rp/Fsa_OI0AplCnVoXGca8ALOo0S0s.svg,19,0,0
1614679010629,19,Kittens-7,200,OK,Bing Various 2-8,text,true,,1795,150,3,5,http://www.bing.com/rp/UYtUYDcn1oZlFG-YfBPz59zejYI.svg,19,0,0
1614679010648,20,Kittens-8,200,OK,Bing Various 2-8,text,true,,1557,150,3,5,http://www.bing.com/rp/KC_nX2_tPPyFvVw1RK20Yu1FyDk.svg,20,0,0
1614679010668,40,Kittens-9,200,OK,Bing Various 2-8,text,true,,1943,150,3,5,http://www.bing.com/rp/NnFHhz2jL6yzChtIhaB5IIVKY5k.svg,40,0,0
1614679010708,45,Kittens-10,200,OK,Bing Various 2-8,text,false,Test failed: text expected something using /200/	Test failed: text expected something using /301/	,1505,150,3,5,http://www.bing.com/rp/jZQUtjbvBNTFVhjuc1I6KRsoYFQ.css,45,0,0
1614679010753,62,Kittens-11,200,OK,Bing Various 2-8,text,false,Test failed: text expected something using /200/	Test failed: text expected something using /301/	,1545,150,3,5,http://www.bing.com/rp/DGRMR9NeVlyY3l85HlsGXYkE8_s.css,62,0,0
1614679010816,24,Kittens-12,200,OK,Bing Various 2-8,text,false,Test failed: text expected something using /200/	Test failed: text expected something using /301/	,1210,150,3,5,http://www.bing.com/rp/K1lFw1Mm-fGE5oJrZ4Sbf44j-54.css,24,0,0
1614679010840,25,Kittens-13,200,OK,Bing Various 2-8,text,true,,7544,150,3,5,http://www.bing.com/rp/IM8yRggr6PIeHc40CX57dqaq-lc.css,25,0,0
1614679010865,22,Kittens-14,200,OK,Bing Various 2-8,text,false,Test failed: text expected something using /200/	Test failed: text expected something using /301/	,1772,150,3,5,http://www.bing.com/rp/dPivqrU3cqe5fmsrlV6oVXWN6J8.css,22,0,0
1614679010887,24,Kittens-15,200,OK,Bing Various 2-8,text,false,Test failed: text expected something using /200/	Test failed: text expected something using /301/	,4626,150,3,5,http://www.bing.com/rp/fWNNQ1PnvP0-d6lD80KSmXG3Q4o.css,24,0,0
1614679010911,49,Kittens-16,200,OK,Bing Various 2-8,bin,false,Test failed: text expected something using /200/	Test failed: text expected something using /301/	,2630,150,3,5,http://www.bing.com/rp/kFAqShRrnkQMbH6NYLBYoJ3lq9s.png,49,0,0
1614679010961,44,Kittens-17,200,OK,Bing Various 2-8,bin,false,Test failed: text expected something using /200/	Test failed: text expected something using /301/	,1602,203,3,5,http://tse1.mm.bing.net/th?q=Really+Cute+Kittens&w=42&h=42&c=7&rs=1&p=0&o=5&pid=1.7&mkt=en-GB&adlt=moderate,44,0,21
1614679011006,65,Kittens-18,200,OK,Bing Various 2-8,bin,false,Test failed: text expected something using /200/	Test failed: text expected something using /301/	,1641,198,3,5,http://tse3.mm.bing.net/th?q=Ginger+Kittens&w=42&h=42&c=7&rs=1&p=0&o=5&pid=1.7&mkt=en-GB&adlt=moderate,65,0,20
1614679011072,49,Kittens-19,200,OK,Bing Various 2-8,bin,false,Test failed: text expected something using /200/	Test failed: text expected something using /301/	,1868,200,3,5,http://tse4.mm.bing.net/th?q=Too+Cute+Kittens&w=42&h=42&c=7&rs=1&p=0&o=5&pid=1.7&mkt=en-GB&adlt=moderate,49,0,21
1614679011121,27,Kittens-20,200,OK,Bing Various 2-8,bin,false,Test failed: text expected something using /200/	Test failed: text expected something using /301/	,1500,198,3,5,http://tse3.mm.bing.net/th?q=Fluffy+Kittens&w=42&h=42&c=7&rs=1&p=0&o=5&pid=1.7&mkt=en-GB&adlt=moderate,27,0,0
1614679011149,22,Kittens-21,200,OK,Bing Various 2-8,bin,false,Test failed: text expected something using /200/	Test failed: text expected something using /301/	,1509,201,3,5,http://tse4.mm.bing.net/th?q=Cute+Baby+Kittens&w=42&h=42&c=7&rs=1&p=0&o=5&pid=1.7&mkt=en-GB&adlt=moderate,22,0,0
1614679011171,23,Kittens-22,200,OK,Bing Various 2-8,bin,false,Test failed: text expected something using /200/	Test failed: text expected something using /301/	,2006,200,3,5,http://tse1.mm.bing.net/th?q=Precious+Kittens&w=42&h=42&c=7&rs=1&p=0&o=5&pid=1.7&mkt=en-GB&adlt=moderate,23,0,0
1614679011194,24,Kittens-23,200,OK,Bing Various 2-8,bin,false,Test failed: text expected something using /200/	Test failed: text expected something using /301/	,8002,184,3,5,http://tse4.mm.bing.net/th/id/OIP.EU8SktG5ZMii70PgLSZEiQHaIF?w=191&h=209&c=7&o=5&pid=1.7,24,0,0
1614679011219,23,Kittens-24,200,OK,Bing Various 2-8,bin,false,Test failed: text expected something using /200/	Test failed: text expected something using /301/	,9588,232,3,5,http://tse3.mm.bing.net/th?q=Little+Baby+Kittens&dc=3&w=100&h=100&c=1&rs=1&pid=InlineBlock&mkt=en-GB&adlt=moderate&t=1&mw=240&sr=3&shs=2,23,0,0
1614679011242,58,Kittens-25,200,OK,Bing Various 2-8,bin,false,Test failed: text expected something using /200/	Test failed: text expected something using /301/	,5541,184,3,5,http://tse4.mm.bing.net/th/id/OIP.1BLPgeOcciiQS0BjG1qktgHaHm?w=191&h=196&c=7&o=5&pid=1.7,58,0,0
1614679011301,27,Kittens-26,200,OK,Bing Various 2-8,bin,false,Test failed: text expected something using /200/	Test failed: text expected something using /301/	,12066,184,3,5,http://tse1.mm.bing.net/th/id/OIP.DYS2GCbA20jAS2n271fVRgHaLI?w=191&h=288&c=7&o=5&pid=1.7,27,0,0
1614679011329,77,Kittens-27,200,OK,Bing Various 2-8,bin,false,Test failed: text expected something using /200/	Test failed: text expected something using /301/	,10294,184,3,5,http://tse2.mm.bing.net/th/id/OIP.dxS3hmLb4wG2kgWr7YmErwAAAA?w=191&h=260&c=7&o=5&pid=1.7,77,0,19
1614679011406,61,Kittens-28,200,OK,Bing Various 2-8,bin,false,Test failed: text expected something using /200/	Test failed: text expected something using /301/	,11098,184,3,5,http://tse3.mm.bing.net/th/id/OIP.Pa7TDjKaKcrlMOiz86w2QgAAAA?w=191&h=258&c=7&o=5&pid=1.7,61,0,0
1614679011467,23,Kittens-29,200,OK,Bing Various 2-8,bin,false,Test failed: text expected something using /200/	Test failed: text expected something using /301/	,13420,184,3,5,http://tse4.mm.bing.net/th/id/OIP.Xu7KS9rBARpSC1LcidhKKwHaMY?w=191&h=320&c=7&o=5&pid=1.7,23,0,0
1614679011490,56,Kittens-30,200,OK,Bing Various 2-8,bin,false,Test failed: text expected something using /200/	Test failed: text expected something using /301/	,8790,184,3,5,http://tse2.mm.bing.net/th/id/OIP.0MQsBA0jAi0NTv_rKmbTCwAAAA?w=191&h=255&c=7&o=5&pid=1.7,56,0,0
1614679011546,24,Kittens-31,200,OK,Bing Various 2-8,bin,false,Test failed: text expected something using /200/	Test failed: text expected something using /301/	,12542,184,3,5,http://tse4.mm.bing.net/th/id/OIP.87hD7hGp7y1lHaF0HzYyrQHaK7?w=191&h=282&c=7&o=5&pid=1.7,24,0,0
1614679011570,24,Kittens-32,200,OK,Bing Various 2-8,bin,false,Test failed: text expected something using /200/	Test failed: text expected something using /301/	,11837,184,3,5,http://tse1.mm.bing.net/th/id/OIP.8H5mYRoTtJyhQ1g-Fn5cmQHaLB?w=191&h=286&c=7&o=5&pid=1.7,24,0,0
1614679011594,25,Kittens-33,200,OK,Bing Various 2-8,bin,false,Test failed: text expected something using /200/	Test failed: text expected something using /301/	,10282,184,3,5,http://tse4.mm.bing.net/th/id/OIP.p-oQ3KFc_2cndtaEoIMRrgHaJ4?w=191&h=255&c=7&o=5&pid=1.7,25,0,0
1614679011619,77,Kittens-34,200,OK,Bing Various 2-8,bin,false,Test failed: text expected something using /200/	Test failed: text expected something using /301/	,9768,184,3,5,http://tse4.mm.bing.net/th/id/OIP.QKHJvMZdRmHVFFuH-qNyCwHaKk?w=191&h=272&c=7&o=5&pid=1.7,77,0,0
1614679011696,21,Kittens-35,200,OK,Bing Various 2-8,bin,false,Test failed: text expected something using /200/	Test failed: text expected something using /301/	,13199,232,3,5,http://tse4.mm.bing.net/th?q=Cute+Teacup+Kittens&dc=3&w=100&h=100&c=1&rs=1&pid=InlineBlock&mkt=en-GB&adlt=moderate&t=1&mw=240&sr=3&shs=2,21,0,0
1614679011717,18,Kittens-36,200,OK,Bing Various 2-8,bin,false,Test failed: text expected something using /200/	Test failed: text expected something using /301/	,482,141,3,5,http://www.bing.com/sa/simg/Flag_Feedback.png,18,0,0
1614679011735,26,Kittens-37,200,OK,Bing Various 2-8,bin,false,Test failed: text expected something using /200/	Test failed: text expected something using /301/	,936,150,3,5,http://www.bing.com/rp/ytiieusXgM2K8bLkEDP-AS1ePds.png,26,0,0
1614679011761,20,Kittens-38,200,OK,Bing Various 2-8,text,false,Test failed: text expected something using /200/	Test failed: text expected something using /301/	,1109,149,3,5,http://www.bing.com/rp/da3XTE4E24gCNAQJm5tKrqZDeuc.js,20,0,0
1614679011781,19,Kittens-39,200,OK,Bing Various 2-8,text,false,Test failed: text expected something using /200/	Test failed: text expected something using /301/	,7000,149,3,5,http://www.bing.com/rp/BVRRZgrJAOx-_HOHkWyllv5vdF4.js,19,0,0
1614679010467,1432,Kittens,200,OK,Bing Various 2-9,text,false,One or more sub-samples failed,644137,6741,2,4,http://www.bing.com/images/search?q=Kittens,45,0,23
1614679010467,45,Kittens-0,301,Moved Permanently,Bing Various 2-9,,false,Response was null,275,135,2,4,http://bing.com/images/search?q=Kittens,45,0,23
1614679010513,350,Kittens-1,200,OK,Bing Various 2-9,text,true,,453030,139,2,4,http://www.bing.com/images/search?q=Kittens,86,0,24
1614679010880,22,Kittens-2,200,OK,Bing Various 2-9,bin,false,Test failed: text expected something using /200/	Test failed: text expected something using /301/	,4616,138,2,4,http://www.bing.com/sa/simg/favicon-2x.ico,22,0,0
1614679010902,32,Kittens-3,200,OK,Bing Various 2-9,text,true,,1376,150,2,4,http://www.bing.com/rp/XvRHqJwJt19aXQca73hQTfvNMxk.svg,32,0,0
1614679010934,25,Kittens-4,200,OK,Bing Various 2-9,text,true,,1502,150,2,4,http://www.bing.com/rp/fdVZU4ttbw8NDRm6H3I5BW3_vCo.svg,25,0,0
1614679010959,21,Kittens-5,200,OK,Bing Various 2-9,text,true,,1933,150,2,4,http://www.bing.com/rp/4L4QdyjTv0HYE2Ig2ol9eYoqxg8.svg,21,0,0
1614679010980,25,Kittens-6,200,OK,Bing Various 2-9,text,true,,1113,150,2,4,http://www.bing.com/rp/Fsa_OI0AplCnVoXGca8ALOo0S0s.svg,25,0,0
1614679011005,19,Kittens-7,200,OK,Bing Various 2-9,text,true,,1795,150,2,4,http://www.bing.com/rp/UYtUYDcn1oZlFG-YfBPz59zejYI.svg,19,0,0
1614679011024,22,Kittens-8,200,OK,Bing Various 2-9,text,true,,1557,150,2,4,http://www.bing.com/rp/KC_nX2_tPPyFvVw1RK20Yu1FyDk.svg,22,0,0
1614679011046,25,Kittens-9,200,OK,Bing Various 2-9,text,true,,1943,150,2,4,http://www.bing.com/rp/NnFHhz2jL6yzChtIhaB5IIVKY5k.svg,25,0,0
1614679011072,21,Kittens-10,200,OK,Bing Various 2-9,text,false,Test failed: text expected something using /200/	Test failed: text expected something using /301/	,1505,150,2,4,http://www.bing.com/rp/jZQUtjbvBNTFVhjuc1I6KRsoYFQ.css,21,0,0
1614679011093,26,Kittens-11,200,OK,Bing Various 2-9,text,false,Test failed: text expected something using /200/	Test failed: text expected something using /301/	,1545,150,2,4,http://www.bing.com/rp/DGRMR9NeVlyY3l85HlsGXYkE8_s.css,26,0,0
1614679011119,23,Kittens-12,200,OK,Bing Various 2-9,text,false,Test failed: text expected something using /200/	Test failed: text expected something using /301/	,1210,150,2,4,http://www.bing.com/rp/K1lFw1Mm-fGE5oJrZ4Sbf44j-54.css,23,0,0
1614679011143,22,Kittens-13,200,OK,Bing Various 2-9,text,true,,7544,150,2,4,http://www.bing.com/rp/IM8yRggr6PIeHc40CX57dqaq-lc.css,22,0,0
1614679011166,26,Kittens-14,200,OK,Bing Various 2-9,text,false,Test failed: text expected something using /200/	Test failed: text expected something using /301/	,1772,150,2,4,http://www.bing.com/rp/dPivqrU3cqe5fmsrlV6oVXWN6J8.css,26,0,0
1614679011192,24,Kittens-15,200,OK,Bing Various 2-9,text,false,Test failed: text expected something using /200/	Test failed: text expected something using /301/	,4626,150,2,4,http://www.bing.com/rp/fWNNQ1PnvP0-d6lD80KSmXG3Q4o.css,24,0,0
1614679011216,20,Kittens-16,200,OK,Bing Various 2-9,bin,false,Test failed: text expected something using /200/	Test failed: text expected something using /301/	,2630,150,2,4,http://www.bing.com/rp/kFAqShRrnkQMbH6NYLBYoJ3lq9s.png,20,0,0
1614679011237,56,Kittens-17,200,OK,Bing Various 2-9,bin,false,Test failed: text expected something using /200/	Test failed: text expected something using /301/	,1602,203,2,4,http://tse1.mm.bing.net/th?q=Really+Cute+Kittens&w=42&h=42&c=7&rs=1&p=0&o=5&pid=1.7&mkt=en-GB&adlt=moderate,56,0,21
1614679011294,43,Kittens-18,200,OK,Bing Various 2-9,bin,false,Test failed: text expected something using /200/	Test failed: text expected something using /301/	,1640,198,2,4,http://tse3.mm.bing.net/th?q=Ginger+Kittens&w=42&h=42&c=7&rs=1&p=0&o=5&pid=1.7&mkt=en-GB&adlt=moderate,43,0,19
1614679011337,43,Kittens-19,200,OK,Bing Various 2-9,bin,false,Test failed: text expected something using /200/	Test failed: text expected something using /301/	,1868,200,2,4,http://tse4.mm.bing.net/th?q=Too+Cute+Kittens&w=42&h=42&c=7&rs=1&p=0&o=5&pid=1.7&mkt=en-GB&adlt=moderate,43,0,22
1614679011380,20,Kittens-20,200,OK,Bing Various 2-9,bin,false,Test failed: text expected something using /200/	Test failed: text expected something using /301/	,1500,198,2,4,http://tse3.mm.bing.net/th?q=Fluffy+Kittens&w=42&h=42&c=7&rs=1&p=0&o=5&pid=1.7&mkt=en-GB&adlt=moderate,20,0,0
1614679011400,18,Kittens-21,200,OK,Bing Various 2-9,bin,false,Test failed: text expected something using /200/	Test failed: text expected something using /301/	,1509,201,2,4,http://tse4.mm.bing.net/th?q=Cute+Baby+Kittens&w=42&h=42&c=7&rs=1&p=0&o=5&pid=1.7&mkt=en-GB&adlt=moderate,18,0,0
1614679011418,20,Kittens-22,200,OK,Bing Various 2-9,bin,false,Test failed: text expected something using /200/	Test failed: text expected something using /301/	,2006,200,2,4,http://tse1.mm.bing.net/th?q=Precious+Kittens&w=42&h=42&c=7&rs=1&p=0&o=5&pid=1.7&mkt=en-GB&adlt=moderate,20,0,0
1614679011438,22,Kittens-23,200,OK,Bing Various 2-9,bin,false,Test failed: text expected something using /200/	Test failed: text expected something using /301/	,17698,184,2,4,http://tse4.mm.bing.net/th/id/OIP.g7UsmLVBnR3UpItDW4gyewHaKH?w=191&h=262&c=7&o=5&pid=1.7,22,0,0
1614679011460,26,Kittens-24,200,OK,Bing Various 2-9,bin,false,Test failed: text expected something using /200/	Test failed: text expected something using /301/	,10421,184,2,4,http://tse1.mm.bing.net/th/id/OIP.TOtBcrj4WJXKXTYlSyblVwHaJ3?w=191&h=255&c=7&o=5&pid=1.7,26,0,0
1614679011486,21,Kittens-25,200,OK,Bing Various 2-9,bin,false,Test failed: text expected something using /200/	Test failed: text expected something using /301/	,8296,184,2,4,http://tse1.mm.bing.net/th/id/OIP.5F23wAMsyofAlK23B9k2cAHaGu?w=191&h=174&c=7&o=5&pid=1.7,21,0,0
1614679011507,25,Kittens-26,200,OK,Bing Various 2-9,bin,false,Test failed: text expected something using /200/	Test failed: text expected something using /301/	,10582,184,2,4,http://tse1.mm.bing.net/th/id/OIP.ciPFHuS96geBHdgHycPcuwHaLH?w=191&h=286&c=7&o=5&pid=1.7,25,0,0
1614679011532,22,Kittens-27,200,OK,Bing Various 2-9,bin,false,Test failed: text expected something using /200/	Test failed: text expected something using /301/	,9588,232,2,4,http://tse3.mm.bing.net/th?q=Little+Baby+Kittens&dc=3&w=100&h=100&c=1&rs=1&pid=InlineBlock&mkt=en-GB&adlt=moderate&t=1&mw=240&sr=3&shs=2,22,0,0
1614679011554,21,Kittens-28,200,OK,Bing Various 2-9,bin,false,Test failed: text expected something using /200/	Test failed: text expected something using /301/	,6363,184,2,4,http://tse4.mm.bing.net/th/id/OIP.hseHtGNNlucxKIpOy_tnVwHaE6?w=191&h=127&c=7&o=5&pid=1.7,21,0,0
1614679011575,25,Kittens-29,200,OK,Bing Various 2-9,bin,false,Test failed: text expected something using /200/	Test failed: text expected something using /301/	,11931,184,2,4,http://tse3.mm.bing.net/th/id/OIP.fTRWkLO6uYTsnYovhLdL9QHaJ3?w=191&h=255&c=7&o=5&pid=1.7,25,0,0
1614679011600,27,Kittens-30,200,OK,Bing Various 2-9,bin,false,Test failed: text expected something using /200/	Test failed: text expected something using /301/	,8860,184,2,4,http://tse1.mm.bing.net/th/id/OIP.AwNJl6mAXIDZMOQ-Gw_0bgHaJ4?w=191&h=255&c=7&o=5&pid=1.7,27,0,0
1614679011627,90,Kittens-31,200,OK,Bing Various 2-9,bin,false,Test failed: text expected something using /200/	Test failed: text expected something using /301/	,10291,184,2,4,http://tse1.mm.bing.net/th/id/OIP.cxBjCrLa_fc5eTaZT898EwHaLL?w=191&h=289&c=7&o=5&pid=1.7,90,0,0
1614679011717,19,Kittens-32,200,OK,Bing Various 2-9,bin,false,Test failed: text expected something using /200/	Test failed: text expected something using /301/	,3820,184,2,4,http://tse4.mm.bing.net/th/id/OIP.dhaPsNjNlQYj9GZXnttJzwHaEn?w=191&h=119&c=7&o=5&pid=1.7,19,0,0
1614679011736,34,Kittens-33,200,OK,Bing Various 2-9,bin,false,Test failed: text expected something using /200/	Test failed: text expected something using /301/	,10265,184,2,4,http://tse3.mm.bing.net/th/id/OIP.LyPeJ-UZgzM_9onEV_Uh-AAAAA?w=188&h=331&c=7&o=5&pid=1.7,34,0,0
1614679011770,24,Kittens-34,200,OK,Bing Various 2-9,bin,false,Test failed: text expected something using /200/	Test failed: text expected something using /301/	,13035,184,2,4,http://tse3.mm.bing.net/th/id/OIP.mwFQ1UN0EAz53cav_77OvQHaKl?w=191&h=272&c=7&o=5&pid=1.7,24,0,0
1614679011794,24,Kittens-35,200,OK,Bing Various 2-9,bin,false,Test failed: text expected something using /200/	Test failed: text expected something using /301/	,13363,184,2,4,http://tse1.mm.bing.net/th/id/OIP.6JIg7z02Lfxzk_Qoch4R9wHaL9?w=191&h=309&c=7&o=5&pid=1.7,24,0,0
1614679011819,20,Kittens-36,200,OK,Bing Various 2-9,bin,false,Test failed: text expected something using /200/	Test failed: text expected something using /301/	,482,141,2,4,http://www.bing.com/sa/simg/Flag_Feedback.png,20,0,0
1614679011839,16,Kittens-37,200,OK,Bing Various 2-9,bin,false,Test failed: text expected something using /200/	Test failed: text expected something using /301/	,936,150,2,4,http://www.bing.com/rp/ytiieusXgM2K8bLkEDP-AS1ePds.png,16,0,0
1614679011855,20,Kittens-38,200,OK,Bing Various 2-9,text,false,Test failed: text expected something using /200/	Test failed: text expected something using /301/	,1109,149,2,4,http://www.bing.com/rp/da3XTE4E24gCNAQJm5tKrqZDeuc.js,20,0,0
1614679011875,24,Kittens-39,200,OK,Bing Various 2-9,text,false,Test failed: text expected something using /200/	Test failed: text expected something using /301/	,7000,149,2,4,http://www.bing.com/rp/BVRRZgrJAOx-_HOHkWyllv5vdF4.js,23,0,0
1614679010969,1780,Kittens,200,OK,Bing Various 2-10,text,false,One or more sub-samples failed,653282,6605,1,1,http://www.bing.com/images/search?q=Kittens,40,0,19
1614679010969,40,Kittens-0,301,Moved Permanently,Bing Various 2-10,,false,Response was null,275,135,1,1,http://bing.com/images/search?q=Kittens,40,0,19
1614679011009,530,Kittens-1,200,OK,Bing Various 2-10,text,true,,471354,139,1,1,http://www.bing.com/images/search?q=Kittens,124,0,21
1614679011549,20,Kittens-2,200,OK,Bing Various 2-10,bin,false,Test failed: text expected something using /200/	Test failed: text expected something using /301/	,4616,138,1,1,http://www.bing.com/sa/simg/favicon-2x.ico,20,0,0
1614679011569,16,Kittens-3,200,OK,Bing Various 2-10,text,true,,1376,150,1,1,http://www.bing.com/rp/XvRHqJwJt19aXQca73hQTfvNMxk.svg,16,0,0
1614679011586,16,Kittens-4,200,OK,Bing Various 2-10,text,true,,1502,150,1,1,http://www.bing.com/rp/fdVZU4ttbw8NDRm6H3I5BW3_vCo.svg,16,0,0
1614679011602,20,Kittens-5,200,OK,Bing Various 2-10,text,true,,1933,150,1,1,http://www.bing.com/rp/4L4QdyjTv0HYE2Ig2ol9eYoqxg8.svg,20,0,0
1614679011622,19,Kittens-6,200,OK,Bing Various 2-10,text,true,,1113,150,1,1,http://www.bing.com/rp/Fsa_OI0AplCnVoXGca8ALOo0S0s.svg,19,0,0
1614679011641,15,Kittens-7,200,OK,Bing Various 2-10,text,true,,1795,150,1,1,http://www.bing.com/rp/UYtUYDcn1oZlFG-YfBPz59zejYI.svg,15,0,0
1614679011657,18,Kittens-8,200,OK,Bing Various 2-10,text,true,,1557,150,1,1,http://www.bing.com/rp/KC_nX2_tPPyFvVw1RK20Yu1FyDk.svg,18,0,0
1614679011675,21,Kittens-9,200,OK,Bing Various 2-10,text,true,,1943,150,1,1,http://www.bing.com/rp/NnFHhz2jL6yzChtIhaB5IIVKY5k.svg,21,0,0
1614679011696,21,Kittens-10,200,OK,Bing Various 2-10,text,false,Test failed: text expected something using /200/	Test failed: text expected something using /301/	,1505,150,1,1,http://www.bing.com/rp/jZQUtjbvBNTFVhjuc1I6KRsoYFQ.css,21,0,0
1614679011717,18,Kittens-11,200,OK,Bing Various 2-10,text,false,Test failed: text expected something using /200/	Test failed: text expected something using /301/	,1545,150,1,1,http://www.bing.com/rp/DGRMR9NeVlyY3l85HlsGXYkE8_s.css,18,0,0
1614679011735,29,Kittens-12,200,OK,Bing Various 2-10,text,false,Test failed: text expected something using /200/	Test failed: text expected something using /301/	,1210,150,1,1,http://www.bing.com/rp/K1lFw1Mm-fGE5oJrZ4Sbf44j-54.css,29,0,0
1614679011764,22,Kittens-13,200,OK,Bing Various 2-10,text,true,,7544,150,1,1,http://www.bing.com/rp/IM8yRggr6PIeHc40CX57dqaq-lc.css,22,0,0
1614679011786,22,Kittens-14,200,OK,Bing Various 2-10,text,false,Test failed: text expected something using /200/	Test failed: text expected something using /301/	,1772,150,1,1,http://www.bing.com/rp/dPivqrU3cqe5fmsrlV6oVXWN6J8.css,22,0,0
1614679011808,25,Kittens-15,200,OK,Bing Various 2-10,text,false,Test failed: text expected something using /200/	Test failed: text expected something using /301/	,4626,150,1,1,http://www.bing.com/rp/fWNNQ1PnvP0-d6lD80KSmXG3Q4o.css,25,0,0
1614679011833,19,Kittens-16,200,OK,Bing Various 2-10,bin,false,Test failed: text expected something using /200/	Test failed: text expected something using /301/	,2630,150,1,1,http://www.bing.com/rp/kFAqShRrnkQMbH6NYLBYoJ3lq9s.png,19,0,0
1614679011853,41,Kittens-17,200,OK,Bing Various 2-10,bin,false,Test failed: text expected something using /200/	Test failed: text expected something using /301/	,1602,203,1,1,http://tse1.mm.bing.net/th?q=Really+Cute+Kittens&w=42&h=42&c=7&rs=1&p=0&o=5&pid=1.7&mkt=en-GB&adlt=moderate,41,0,20
1614679011895,40,Kittens-18,200,OK,Bing Various 2-10,bin,false,Test failed: text expected something using /200/	Test failed: text expected something using /301/	,1640,198,1,1,http://tse3.mm.bing.net/th?q=Ginger+Kittens&w=42&h=42&c=7&rs=1&p=0&o=5&pid=1.7&mkt=en-GB&adlt=moderate,40,0,18
1614679011935,78,Kittens-19,200,OK,Bing Various 2-10,bin,false,Test failed: text expected something using /200/	Test failed: text expected something using /301/	,1869,200,1,1,http://tse4.mm.bing.net/th?q=Too+Cute+Kittens&w=42&h=42&c=7&rs=1&p=0&o=5&pid=1.7&mkt=en-GB&adlt=moderate,78,0,22
1614679012013,20,Kittens-20,200,OK,Bing Various 2-10,bin,false,Test failed: text expected something using /200/	Test failed: text expected something using /301/	,1500,198,1,1,http://tse3.mm.bing.net/th?q=Fluffy+Kittens&w=42&h=42&c=7&rs=1&p=0&o=5&pid=1.7&mkt=en-GB&adlt=moderate,20,0,0
1614679012033,49,Kittens-21,200,OK,Bing Various 2-10,bin,false,Test failed: text expected something using /200/	Test failed: text expected something using /301/	,1510,201,1,1,http://tse4.mm.bing.net/th?q=Cute+Baby+Kittens&w=42&h=42&c=7&rs=1&p=0&o=5&pid=1.7&mkt=en-GB&adlt=moderate,49,0,0
1614679012082,24,Kittens-22,200,OK,Bing Various 2-10,bin,false,Test failed: text expected something using /200/	Test failed: text expected something using /301/	,2006,200,1,1,http://tse1.mm.bing.net/th?q=Precious+Kittens&w=42&h=42&c=7&rs=1&p=0&o=5&pid=1.7&mkt=en-GB&adlt=moderate,24,0,0
1614679012106,50,Kittens-23,200,OK,Bing Various 2-10,bin,false,Test failed: text expected something using /200/	Test failed: text expected something using /301/	,8003,184,1,1,http://tse4.mm.bing.net/th/id/OIP.EU8SktG5ZMii70PgLSZEiQHaIF?w=191&h=209&c=7&o=5&pid=1.7,50,0,0
1614679012156,27,Kittens-24,200,OK,Bing Various 2-10,bin,false,Test failed: text expected something using /200/	Test failed: text expected something using /301/	,9588,232,1,1,http://tse3.mm.bing.net/th?q=Little+Baby+Kittens&dc=3&w=100&h=100&c=1&rs=1&pid=InlineBlock&mkt=en-GB&adlt=moderate&t=1&mw=240&sr=3&shs=2,27,0,0
1614679012183,60,Kittens-25,200,OK,Bing Various 2-10,bin,false,Test failed: text expected something using /200/	Test failed: text expected something using /301/	,5541,184,1,1,http://tse4.mm.bing.net/th/id/OIP.1BLPgeOcciiQS0BjG1qktgHaHm?w=191&h=196&c=7&o=5&pid=1.7,60,0,0
1614679012243,27,Kittens-26,200,OK,Bing Various 2-10,bin,false,Test failed: text expected something using /200/	Test failed: text expected something using /301/	,12066,184,1,1,http://tse1.mm.bing.net/th/id/OIP.DYS2GCbA20jAS2n271fVRgHaLI?w=191&h=288&c=7&o=5&pid=1.7,27,0,0
1614679012271,52,Kittens-27,200,OK,Bing Various 2-10,bin,false,Test failed: text expected something using /200/	Test failed: text expected something using /301/	,10293,184,1,1,http://tse2.mm.bing.net/th/id/OIP.dxS3hmLb4wG2kgWr7YmErwAAAA?w=191&h=260&c=7&o=5&pid=1.7,52,0,30
1614679012323,52,Kittens-28,200,OK,Bing Various 2-10,bin,false,Test failed: text expected something using /200/	Test failed: text expected something using /301/	,13421,184,1,1,http://tse4.mm.bing.net/th/id/OIP.Xu7KS9rBARpSC1LcidhKKwHaMY?w=191&h=320&c=7&o=5&pid=1.7,52,0,0
1614679012376,20,Kittens-29,200,OK,Bing Various 2-10,bin,false,Test failed: text expected something using /200/	Test failed: text expected something using /301/	,8789,184,1,1,http://tse2.mm.bing.net/th/id/OIP.0MQsBA0jAi0NTv_rKmbTCwAAAA?w=191&h=255&c=7&o=5&pid=1.7,20,0,0
1614679012396,77,Kittens-30,200,OK,Bing Various 2-10,bin,false,Test failed: text expected something using /200/	Test failed: text expected something using /301/	,12543,184,1,1,http://tse4.mm.bing.net/th/id/OIP.87hD7hGp7y1lHaF0HzYyrQHaK7?w=191&h=282&c=7&o=5&pid=1.7,77,0,0
1614679012473,30,Kittens-31,200,OK,Bing Various 2-10,bin,false,Test failed: text expected something using /200/	Test failed: text expected something using /301/	,11837,184,1,1,http://tse1.mm.bing.net/th/id/OIP.8H5mYRoTtJyhQ1g-Fn5cmQHaLB?w=191&h=286&c=7&o=5&pid=1.7,30,0,0
1614679012503,52,Kittens-32,200,OK,Bing Various 2-10,bin,false,Test failed: text expected something using /200/	Test failed: text expected something using /301/	,10283,184,1,1,http://tse4.mm.bing.net/th/id/OIP.p-oQ3KFc_2cndtaEoIMRrgHaJ4?w=191&h=255&c=7&o=5&pid=1.7,52,0,0
1614679012555,54,Kittens-33,200,OK,Bing Various 2-10,bin,false,Test failed: text expected something using /200/	Test failed: text expected something using /301/	,9768,184,1,1,http://tse4.mm.bing.net/th/id/OIP.QKHJvMZdRmHVFFuH-qNyCwHaKk?w=191&h=272&c=7&o=5&pid=1.7,54,0,0
1614679012609,63,Kittens-34,200,OK,Bing Various 2-10,bin,false,Test failed: text expected something using /200/	Test failed: text expected something using /301/	,13200,232,1,1,http://tse4.mm.bing.net/th?q=Cute+Teacup+Kittens&dc=3&w=100&h=100&c=1&rs=1&pid=InlineBlock&mkt=en-GB&adlt=moderate&t=1&mw=240&sr=3&shs=2,63,0,0
1614679012672,24,Kittens-35,200,OK,Bing Various 2-10,bin,false,Test failed: text expected something using /200/	Test failed: text expected something using /301/	,482,141,1,1,http://www.bing.com/sa/simg/Flag_Feedback.png,24,0,0
1614679012696,15,Kittens-36,200,OK,Bing Various 2-10,bin,false,Test failed: text expected something using /200/	Test failed: text expected something using /301/	,936,150,1,1,http://www.bing.com/rp/ytiieusXgM2K8bLkEDP-AS1ePds.png,15,0,0
1614679012711,19,Kittens-37,200,OK,Bing Various 2-10,text,false,Test failed: text expected something using /200/	Test failed: text expected something using /301/	,1109,149,1,1,http://www.bing.com/rp/da3XTE4E24gCNAQJm5tKrqZDeuc.js,19,0,0
1614679012730,19,Kittens-38,200,OK,Bing Various 2-10,text,false,Test failed: text expected something using /200/	Test failed: text expected something using /301/	,7000,149,1,1,http://www.bing.com/rp/BVRRZgrJAOx-_HOHkWyllv5vdF4.js,19,0,0
